stock,company_name,sector,sub_sector,enabled,halal
20MICRONS,20 Microns Limited,Basic Materials,Other Industrial Metals & Mining,N,Y
21STCENMGM,21st Century Management Services Limited,Financial Services,Capital Markets,N,N
360ONE,360 ONE WAM LIMITED,Financial Services,Asset Management,N,N
3BBLACKBIO,3B Blackbio Dx Limited,,,N,Y
3IINFOLTD,3i Infotech Limited,Technology,Information Technology Services,N,Y
3MINDIA,3M India Limited,Diversified,Conglomerates,N,Y
3PLAND,3P Land Holdings Limited,,,N,Y
5PAISA,5Paisa Capital Limited,Financial Services,Capital Markets,N,N
63MOONS,63 moons technologies limited,Technology,Software - Application,N,Y
A2ZINFRA,A2Z Infra Engineering Limited,Industrials,Engineering & Construction,N,Y
AAATECH,AAA Technologies Limited,Technology,Information Technology Services,N,Y
AADHARHFC,Aadhar Housing Finance Limited,Financial Services,Mortgage Finance,N,N
AAKASH,Aakash Exploration Services Limited,Energy,Oil & Gas Equipment & Services,N,Y
AAREYDRUGS,Aarey Drugs & Pharmaceuticals Limited,Healthcare,Drug Manufacturers - Specialty & Generic,N,Y
AARNAV,Aarnav Fashions Limited,,,N,Y
AARON,Aaron Industries Limited,Industrials,Specialty Industrial Machinery,N,Y
AARTECH,Aartech Solonics Limited,Industrials,Electrical Equipment & Parts,N,Y
AARTIDRUGS,Aarti Drugs Limited,Healthcare,Drug Manufacturers - Specialty & Generic,N,Y
AARTIIND,Aarti Industries Limited,Chemicals,Specialty Chemicals,N,Y
AARTIPHARM,Aarti Pharmalabs Limited,Healthcare,Drug Manufacturers - Specialty & Generic,N,Y
AARTISURF,Aarti Surfactants Limited,Basic Materials,Specialty Chemicals,N,Y
AARVI,Aarvi Encon Limited,Industrials,Staffing & Employment Services,N,Y
AAVAS,Aavas Financiers Limited,Financial Services,Mortgage Finance,N,N
ABANSENT,Abans Enterprises Limited,,,N,Y
ABB,ABB India Limited,Capital Goods,Specialty Industrial Machinery,N,Y
ABBOTINDIA,Abbott India Limited,Healthcare,Drug Manufacturers - Specialty & Generic,N,Y
ABCAPITAL,Aditya Birla Capital Limited,Financial Services,Financial Conglomerates,N,N
ABCOTS,A B Cotspin India Limited,Consumer Cyclical,Textile Manufacturing,N,Y
ABDL,Allied Blenders and Distillers Limited,Fast Moving Consumer Goods,Beverages - Wineries & Distilleries,N,Y
ABFRL,Aditya Birla Fashion and Retail Limited,Consumer Services,Apparel Manufacturing,N,Y
ABINFRA,A B Infrabuild Limited,Industrials,Engineering & Construction,N,Y
ABLBL,Aditya Birla Lifestyle Brands Limited,Consumer Services,Apparel Retail,N,Y
ABMINTLLTD,ABM International Limited,Basic Materials,Specialty Chemicals,N,Y
ABMKNO,ABM Knowledgeware Limited,,,N,Y
ABREL,Aditya Birla Real Estate Limited,Realty,Real Estate Services,N,Y
ABSLAMC,Aditya Birla Sun Life AMC Limited,Financial Services,Asset Management,N,N
ACC,ACC Limited,Construction Materials,Building Materials,N,Y
ACCELYA,Accelya Solutions India Limited,Technology,Information Technology Services,N,Y
ACCURACY,Accuracy Shipping Limited,Industrials,Integrated Freight & Logistics,N,Y
ACE,Action Construction Equipment Limited,Capital Goods,Farm & Heavy Construction Machinery,N,Y
ACEINTEG,Ace Integrated Solutions Limited,Industrials,Staffing & Employment Services,N,Y
ACI,Archean Chemical Industries Limited,Chemicals,Chemicals,N,Y
ACL,Andhra Cements Limited,Basic Materials,Building Materials,N,Y
ACMESOLAR,Acme Solar Holdings Limited,Power,Utilities - Renewable,N,Y
ACSTECH,ACS Technologies Limited,,,N,Y
ACUTAAS,Acutaas Chemicals Limited,Healthcare,Specialty Chemicals,N,Y
ADANIENSOL,Adani Energy Solutions Limited,Power,Utilities - Independent Power Producers,N,Y
ADANIENT,Adani Enterprises Limited,Metals & Mining,Thermal Coal,N,Y
ADANIGREEN,Adani Green Energy Limited,Power,Utilities - Renewable,N,Y
ADANIPORTS,Adani Ports and Special Economic Zone Limited,Services,Marine Shipping,N,Y
ADANIPOWER,Adani Power Limited,Power,Utilities - Independent Power Producers,N,Y
ADFFOODS,ADF Foods Limited,Consumer Defensive,Packaged Foods,N,Y
ADL,Archidply Decor Limited,Consumer Cyclical,"Furnishings, Fixtures & Appliances",Y,N
ADOR,Ador Welding Limited,Industrials,Specialty Industrial Machinery,N,Y
ADROITINFO,Adroit Infotech Limited,Technology,Information Technology Services,N,Y
ADSL,Allied Digital Services Limited,Technology,Information Technology Services,N,Y
ADVAIT,Advait Energy Transitions Limited,Industrials,Specialty Industrial Machinery,N,Y
ADVANCE,Advance Agrolife Limited,Basic Materials,Agricultural Inputs,N,Y
ADVANIHOTR,Advani Hotels & Resorts (India) Limited,Consumer Cyclical,Lodging,N,Y
ADVENTHTL,Advent Hotels International Limited,Consumer Cyclical,Lodging,N,Y
ADVENZYMES,Advanced Enzyme Technologies Limited,Healthcare,Specialty Chemicals,N,Y
AEGISLOG,Aegis Logistics Limited,Oil Gas & Consumable Fuels,Oil & Gas Refining & Marketing,N,Y
AEGISVOPAK,Aegis Vopak Terminals Limited,Oil Gas & Consumable Fuels,Oil & Gas Equipment & Services,N,Y
AEPL,Artemis Electricals and Projects Limited,Industrials,Electrical Equipment & Parts,N,Y
AEQUS,Aequs Limited,Capital Goods,Aerospace & Defense,N,N
AEROENTER,Aeroflex Enterprises Limited,Basic Materials,Steel,N,Y
AEROFLEX,Aeroflex Industries Limited,Industrials,Metal Fabrication,N,Y
AERONEU,Aeroflex Neu Limited,Consumer Cyclical,Packaging & Containers,N,Y
AETHER,Aether Industries Limited,Chemicals,Specialty Chemicals,N,Y
AFCONS,Afcons Infrastructure Limited,Construction,Engineering & Construction,N,Y
AFFLE,Affle 3i Limited,Information Technology,Advertising Agencies,N,Y
AFFORDABLE,Affordable Robotic & Automation Limited,Industrials,Specialty Industrial Machinery,N,Y
AFIL,Akme Fintrade (India) Limited,Financial Services,Credit Services,N,N
AFSL,Abans Financial Services Limited,Financial Services,Capital Markets,N,N
AGARIND,Agarwal Industrial Corporation Limited,Basic Materials,Specialty Chemicals,N,Y
AGARWALEYE,Dr. Agarwal's Health Care Limited,Healthcare,Medical Instruments & Supplies,N,Y
AGI,AGI Greenpac Limited,Consumer Cyclical,Packaging & Containers,N,Y
AGIIL,Agi Infra Limited,Real Estate,Real Estate - Development,N,Y
AGRITECH,Agri-Tech (India) Limited,Consumer Defensive,Farm Products,N,Y
AGROPHOS,Agro Phos India Limited,Basic Materials,Agricultural Inputs,N,Y
AHCL,Anlon Healthcare Limited,Healthcare,Drug Manufacturers - Specialty & Generic,N,Y
AHLADA,Ahlada Engineers Limited,Industrials,Building Products & Equipment,N,Y
AHLEAST,Asian Hotels (East) Limited,Consumer Cyclical,Lodging,N,Y
AHLUCONT,Ahluwalia Contracts (India) Limited,Construction,Engineering & Construction,N,Y
AHLWEST,Asian Hotels (West) Limited,Consumer Cyclical,Lodging,N,Y
AIAENG,AIA Engineering Limited,Capital Goods,Specialty Industrial Machinery,N,Y
AIIL,Authum Investment & Infrastructure Limited,Financial Services,Capital Markets,N,N
AIRAN,Airan Limited,Technology,Information Technology Services,N,Y
AIROLAM,Airo Lam limited,Consumer Cyclical,"Furnishings, Fixtures & Appliances",Y,N
AJANTPHARM,Ajanta Pharma Limited,Healthcare,Drug Manufacturers - Specialty & Generic,N,Y
AJAXENGG,Ajax Engineering Limited,Industrials,Farm & Heavy Construction Machinery,N,Y
AJMERA,Ajmera Realty & Infra India Limited,Real Estate,Real Estate - Development,N,Y
AJOONI,Ajooni Biotech Limited,Consumer Defensive,Packaged Foods,N,Y
AKASH,Akash Infra-Projects Limited,Industrials,Engineering & Construction,N,Y
AKCAPIT,AK Capital Services Limited,,,N,Y
AKG,Akg Exim Limited,Industrials,Industrial Distribution,N,Y
AKI,AKI India Limited,Consumer Cyclical,Footwear & Accessories,N,Y
AKSHAR,Akshar Spintex Limited,Consumer Cyclical,Textile Manufacturing,N,Y
AKSHARCHEM,AksharChem India Limited,Basic Materials,Specialty Chemicals,N,Y
AKSHOPTFBR,Aksh Optifibre Limited,Technology,Communication Equipment,N,Y
AKUMS,Akums Drugs and Pharmaceuticals Limited,Healthcare,Drug Manufacturers - Specialty & Generic,N,Y
ALANKIT,Alankit Limited,Technology,Information Technology Services,N,Y
ALBERTDAVD,Albert David Limited,Healthcare,Drug Manufacturers - Specialty & Generic,N,Y
ALEMBICLTD,Alembic Limited,Real Estate,Real Estate - Development,N,Y
ALGOQUANT,Algoquant Fintech Limited,Financial Services,Capital Markets,N,N
ALICON,Alicon Castalloy Limited,Industrials,Metal Fabrication,N,Y
ALIVUS,Alivus Life Sciences Limited,Healthcare,Drug Manufacturers - Specialty & Generic,N,Y
ALKALI,Alkali Metals Limited,Basic Materials,Specialty Chemicals,N,Y
ALKEM,Alkem Laboratories Limited,Healthcare,Drug Manufacturers - Specialty & Generic,N,Y
ALKYLAMINE,Alkyl Amines Chemicals Limited,Chemicals,Specialty Chemicals,N,Y
ALLCARGO,Allcargo Logistics Limited,Industrials,Integrated Freight & Logistics,N,Y
ALLDIGI,Alldigi Tech Limited,Industrials,Specialty Business Services,N,Y
ALLTIME,All Time Plastics Limited,Consumer Defensive,Household & Personal Products,N,Y
ALMONDZ,Almondz Global Securities Limited,Financial Services,Capital Markets,N,N
ALOKINDS,Alok Industries Limited,Textiles,Textile Manufacturing,N,Y
ALPA,Alpa Laboratories Limited,Healthcare,Drug Manufacturers - Specialty & Generic,N,Y
ALPHAGEO,Alphageo (India) Limited,Energy,Oil & Gas Equipment & Services,N,Y
AMAGI,Amagi Media Labs Limited,Technology,Software - Application,N,Y
AMANTA,Amanta Healthcare Limited,Healthcare,Drug Manufacturers - Specialty & Generic,N,Y
AMBALALSA,Ambalal Sarabhai Enterprises Limited,Healthcare,Drug Manufacturers - Specialty & Generic,N,Y
AMBER,Amber Enterprises India Limited,Consumer Durables,"Furnishings, Fixtures & Appliances",Y,N
AMBICAAGAR,Ambica Agarbathies & Aroma industries Limited,Consumer Defensive,Household & Personal Products,N,Y
AMBIKCO,Ambika Cotton Mills Limited,Consumer Cyclical,Textile Manufacturing,N,Y
AMBUJACEM,Ambuja Cements Limited,Construction Materials,Building Materials,N,Y
AMDIND,AMD Industries Limited,Consumer Cyclical,Packaging & Containers,N,Y
AMIRCHAND,Amir Chand Jagdish Kumar (Exports) Limited,Consumer Defensive,Farm Products,N,Y
AMJLAND,Amj Land Holdings Limited,Real Estate,Real Estate - Development,N,Y
AMNPLST,Amines & Plasticizers Limited,Basic Materials,Chemicals,N,Y
AMRUTANJAN,Amrutanjan Health Care Limited,Healthcare,Drug Manufacturers - Specialty & Generic,N,Y
ANANDRATHI,Anand Rathi Wealth Limited,Financial Services,Asset Management,N,N
ANANTRAJ,Anant Raj Limited,Realty,Real Estate - Development,N,Y
ANDHRAPAP,ANDHRA PAPER LIMITED,Basic Materials,Paper & Paper Products,N,Y
ANDHRSUGAR,The Andhra Sugars Limited,Basic Materials,Chemicals,N,Y
ANGELONE,Angel One Limited,Financial Services,Capital Markets,N,N
ANIKINDS,Anik Industries Limited,Consumer Defensive,Food Distribution,N,Y
ANKITMETAL,Ankit Metal & Power Limited,Basic Materials,Steel,N,Y
ANMOL,Anmol India Limited,Energy,Thermal Coal,N,Y
ANSALAPI,Ansal Properties & Infrastructure Limited,Real Estate,Real Estate - Development,N,Y
ANTELOPUS,Antelopus Selan Energy Limited,Energy,Oil & Gas E&P,N,Y
ANTGRAPHIC,Antarctica Limited,Consumer Cyclical,Packaging & Containers,N,Y
ANTHEM,Anthem Biosciences Limited,Healthcare,Biotechnology,N,Y
ANUHPHR,Anuh Pharma Limited,Healthcare,Drug Manufacturers - Specialty & Generic,N,Y
ANUP,The Anup Engineering Limited,Capital Goods,Specialty Industrial Machinery,N,Y
ANURAS,Anupam Rasayan India Limited,Chemicals,Specialty Chemicals,N,Y
APARINDS,Apar Industries Limited,Capital Goods,Electrical Equipment & Parts,N,Y
APCL,Anjani Portland Cement Limited,Basic Materials,Building Materials,N,Y
APCOTEXIND,Apcotex Industries Limited,Basic Materials,Specialty Chemicals,N,Y
APEX,Apex Frozen Foods Limited,Consumer Defensive,Farm Products,N,Y
APLAPOLLO,APL Apollo Tubes Limited,Capital Goods,Steel,N,Y
APLLTD,Alembic Pharmaceuticals Limited,Healthcare,Drug Manufacturers - Specialty & Generic,N,Y
APOLLO,Apollo Micro Systems Limited,Capital Goods,Aerospace & Defense,N,N
APOLLOHOSP,Apollo Hospitals Enterprise Limited,Healthcare,Medical Care Facilities,N,Y
APOLLOPIPE,Apollo Pipes Limited,Industrials,Building Products & Equipment,N,Y
APOLLOTYRE,Apollo Tyres Limited,Automobile and Auto Components,Auto Parts,N,Y
APOLSINHOT,Apollo Sindoori Hotels Limited,Industrials,Specialty Business Services,N,Y
APTECHT,Aptech Limited,Consumer Defensive,Education & Training Services,N,Y
APTUS,Aptus Value Housing Finance India Limited,Financial Services,Mortgage Finance,N,N
AQYLON,Aqylon Nexus Limited,Communication Services,Broadcasting,N,Y
ARCHIDPLY,Archidply Industries Limited,Basic Materials,Lumber & Wood Production,N,Y
ARCHIES,Archies Limited,Consumer Cyclical,Specialty Retail,N,Y
ARE&M,Amara Raja Energy & Mobility Limited,Automobile and Auto Components,Electrical Equipment & Parts,N,Y
ARENTERP,Rajdarshan Industries Limited,Basic Materials,Other Industrial Metals & Mining,N,Y
ARFIN,Arfin India Limited,Basic Materials,Aluminum,N,Y
ARIES,Aries Agro Limited,Basic Materials,Agricultural Inputs,N,Y
ARIHANT,Arihant Foundations & Housing Limited,Real Estate,Real Estate - Development,N,Y
ARIHANTCAP,Arihant Capital Markets Limited,Financial Services,Capital Markets,N,N
ARIHANTSUP,Arihant Superstructures Limited,Real Estate,Real Estate - Development,N,Y
ARIS,Arisinfra Solutions Limited,Industrials,Engineering & Construction,N,Y
ARKADE,Arkade Developers Limited,Real Estate,Real Estate - Development,N,Y
ARMANFIN,Arman Financial Services Limited,Financial Services,Credit Services,N,N
AROGRANITE,Aro Granite Industries Limited,Industrials,Building Products & Equipment,N,Y
ARROWGREEN,Arrow Greentech Limited,Consumer Cyclical,Packaging & Containers,N,Y
ARSHIYA,Arshiya Limited,Industrials,Integrated Freight & Logistics,N,Y
ARSSBL,Anand Rathi Share and Stock Brokers Limited,Financial Services,Financial Conglomerates,N,N
ARTEMISMED,Artemis Medicare Services Limited,,,N,Y
ARTNIRMAN,Art Nirman Limited,Real Estate,Real Estate - Development,N,Y
ARVEE,Arvee Laboratories (India) Limited,Basic Materials,Specialty Chemicals,N,Y
ARVIND,Arvind Limited,Textiles,Textile Manufacturing,N,Y
ARVINDFASN,Arvind Fashions Limited,Consumer Services,Apparel Manufacturing,N,Y
ARVSMART,Arvind SmartSpaces Limited,Real Estate,Real Estate - Development,N,Y
ASAHIINDIA,Asahi India Glass Limited,Automobile and Auto Components,Auto Parts,N,Y
ASAHISONG,Asahi Songwon Colors Limited,Basic Materials,Specialty Chemicals,N,Y
ASAL,Automotive Stampings and Assemblies Limited,Consumer Cyclical,Auto Parts,N,Y
ASALCBR,Associated Alcohols & Breweries Ltd.,Consumer Defensive,Beverages - Wineries & Distilleries,N,Y
ASHAPURMIN,Ashapura Minechem Limited,Metals & Mining,Other Industrial Metals & Mining,N,Y
ASHIANA,Ashiana Housing Limited,Real Estate,Real Estate - Development,N,Y
ASHIKA,Ashika Credit Capital Limited,,,N,Y
ASHIMASYN,Ashima Limited,Real Estate,Real Estate - Development,N,Y
ASHOKA,Ashoka Buildcon Limited,Construction,Engineering & Construction,N,Y
ASHOKAMET,Ashoka Metcast Limited,Basic Materials,Steel,N,Y
ASHOKLEY,Ashok Leyland Limited,Capital Goods,Farm & Heavy Construction Machinery,N,Y
ASIANENE,Asian Energy Services Limited,Energy,Oil & Gas Equipment & Services,N,Y
ASIANHOTNR,Asian Hotels (North) Limited,Consumer Cyclical,Lodging,N,Y
ASIANPAINT,Asian Paints Limited,Consumer Durables,Specialty Chemicals,N,Y
ASIANTILES,Asian Granito India Limited,Industrials,Building Products & Equipment,N,Y
ASKAUTOLTD,ASK Automotive Limited,Automobile and Auto Components,Auto Parts,N,Y
ASMS,Bartronics India Limited,Technology,Information Technology Services,N,Y
ASPINWALL,Aspinwall and Company Limited,Consumer Defensive,Farm Products,N,Y
ASTAR,Asian Star Company Limited,,,N,Y
ASTEC,Astec LifeSciences Limited,Basic Materials,Agricultural Inputs,N,Y
ASTERDM,Aster DM Healthcare Limited,Healthcare,Medical Care Facilities,N,Y
ASTRAL,Astral Limited,Capital Goods,Building Products & Equipment,N,Y
ASTRAMICRO,Astra Microwave Products Limited,Capital Goods,Communication Equipment,N,Y
ASTRAZEN,AstraZeneca Pharma India Limited,Healthcare,Drug Manufacturers - Specialty & Generic,N,Y
ASTRON,Astron Paper & Board Mill Limited,Basic Materials,Paper & Paper Products,N,Y
ATALREAL,Atal Realtech Limited,Industrials,Engineering & Construction,N,Y
ATAM,Atam Valves Limited,Industrials,Specialty Industrial Machinery,N,Y
ATGL,Adani Total Gas Limited,Oil Gas & Consumable Fuels,Utilities - Regulated Gas,N,Y
ATHERENERG,Ather Energy Limited,Automobile and Auto Components,Auto Manufacturers,N,Y
ATL,Allcargo Terminals Limited,Industrials,Integrated Freight & Logistics,N,Y
ATLANTAA,ATLANTAA LIMITED,Industrials,Infrastructure Operations,N,Y
ATLANTAELE,Atlanta Electricals Limited,Capital Goods,Electrical Equipment & Parts,N,Y
ATLASCYCLE,Atlas Cycles (Haryana) Limited,Consumer Cyclical,Leisure,N,Y
ATUL,Atul Limited,Chemicals,Specialty Chemicals,N,Y
ATULAUTO,Atul Auto Limited,Consumer Cyclical,Auto Manufacturers,N,Y
AUBANK,AU Small Finance Bank Limited,Financial Services,Banks - Regional,N,N
AURIGROW,Auri Grow India Limited,Industrials,Electrical Equipment & Parts,N,Y
AURIONPRO,Aurionpro Solutions Limited,Information Technology,Software - Application,N,Y
AUROPHARMA,Aurobindo Pharma Limited,Healthcare,Drug Manufacturers - Specialty & Generic,N,Y
AURUM,Aurum PropTech Limited,Real Estate,Real Estate Services,N,Y
AUSOMENT,Ausom Enterprise Limited,Financial Services,Capital Markets,N,N
AUTOAXLES,Automotive Axles Limited,Consumer Cyclical,Auto Parts,N,Y
AUTOIND,Autoline Industries Limited,Consumer Cyclical,Auto Parts,N,Y
AVADHSUGAR,Avadh Sugar & Energy Limited,Consumer Defensive,Confectioners,N,Y
AVAILFC,Available Finance Limited,,,N,Y
AVALON,Avalon Technologies Limited,Capital Goods,Electronic Components,N,Y
AVANTEL,Avantel Limited,Technology,Communication Equipment,N,Y
AVANTIFEED,Avanti Feeds Limited,Fast Moving Consumer Goods,Packaged Foods,N,Y
AVG,AVG Logistics Limited,Industrials,Integrated Freight & Logistics,N,Y
AVL,Aditya Vision Limited,Consumer Services,Specialty Retail,N,Y
AVONMORE,Avonmore Capital & Management Services Limited,Financial Services,Capital Markets,N,N
AVROIND,AVRO INDIA LIMITED,Consumer Cyclical,"Furnishings, Fixtures & Appliances",Y,N
AVTNPL,AVT Natural Products Limited,Basic Materials,Specialty Chemicals,N,Y
AWFIS,Awfis Space Solutions Limited,Services,Rental & Leasing Services,N,Y
AWHCL,Antony Waste Handling Cell Limited,Industrials,Waste Management,N,Y
AWL,AWL Agri Business Limited,Fast Moving Consumer Goods,Packaged Foods,N,Y
AXISBANK,Axis Bank Limited,Financial Services,Banks - Regional,N,N
AXISCADES,AXISCADES Technologies Limited,Capital Goods,Engineering & Construction,N,Y
AXITA,Axita Cotton Limited,Consumer Cyclical,Textile Manufacturing,N,Y
AYE,Aye Finance Limited,Financial Services,Credit Services,N,N
AYMSYNTEX,AYM Syntex Limited,Consumer Cyclical,Textile Manufacturing,N,Y
AZAD,Azad Engineering Limited,Capital Goods,Specialty Industrial Machinery,N,Y
BAFNAPH,Bafna Pharmaceuticals Limited,Healthcare,Drug Manufacturers - Specialty & Generic,N,Y
BAGFILMS,B.A.G Films and Media Limited,Communication Services,Broadcasting,N,Y
BAIDFIN,Baid Finserv Limited,Financial Services,Credit Services,N,N
BAJAJ-AUTO,Bajaj Auto Limited,Automobile and Auto Components,Auto Manufacturers,N,Y
BAJAJCON,Bajaj Consumer Care Limited,Consumer Defensive,Household & Personal Products,N,Y
BAJAJELEC,Bajaj Electricals Limited,Consumer Durables,"Furnishings, Fixtures & Appliances",Y,N
BAJAJFINSV,Bajaj Finserv Limited,Financial Services,Financial Conglomerates,N,N
BAJAJHCARE,Bajaj Healthcare Limited,Healthcare,Drug Manufacturers - Specialty & Generic,N,Y
BAJAJHFL,Bajaj Housing Finance Limited,Financial Services,Mortgage Finance,N,N
BAJAJHIND,Bajaj Hindusthan Sugar Limited,Consumer Defensive,Confectioners,N,Y
BAJAJHLDNG,Bajaj Holdings & Investment Limited,Financial Services,Asset Management,N,N
BAJAJINDEF,Indef Manufacturing Limited,Industrials,Farm & Heavy Construction Machinery,N,Y
BAJAJST,Bajaj Steel Industries Limited,,,N,Y
BAJEL,Bajel Projects Limited,Utilities,Utilities - Regulated Electric,N,Y
BAJFINANCE,Bajaj Finance Limited,Financial Services,Credit Services,N,N
BALAJEE,Shree Tirupati Balajee Agro Trading Company Limited,Consumer Cyclical,Packaging & Containers,N,Y
BALAJITELE,Balaji Telefilms Limited,Communication Services,Entertainment,N,Y
BALAMINES,Balaji Amines Limited,Chemicals,Specialty Chemicals,N,Y
BALAXI,BALAXI PHARMACEUTICALS LIMITED,Healthcare,Drug Manufacturers - Specialty & Generic,N,Y
BALKRISHNA,Balkrishna Paper Mills Limited,Consumer Cyclical,Packaging & Containers,N,Y
BALKRISIND,Balkrishna Industries Limited,Automobile and Auto Components,Auto Parts,N,Y
BALMLAWRIE,Balmer Lawrie & Company Limited,Industrials,Conglomerates,N,Y
BALPHARMA,Bal Pharma Limited,Healthcare,Drug Manufacturers - Specialty & Generic,N,Y
BALRAMCHIN,Balrampur Chini Mills Limited,Fast Moving Consumer Goods,Confectioners,N,Y
BALUFORGE,Balu Forge Industries Limited,Capital Goods,Metal Fabrication,N,Y
BANARBEADS,Banaras Beads Limited,Consumer Cyclical,Footwear & Accessories,N,Y
BANARISUG,Bannari Amman Sugars Limited,Consumer Defensive,Confectioners,N,Y
BANCOINDIA,Banco Products (I) Limited,Automobile and Auto Components,Auto Parts,N,Y
BANDHANBNK,Bandhan Bank Limited,Financial Services,Banks - Regional,N,N
BANG,Bang Overseas Limited,Consumer Cyclical,Apparel Manufacturing,N,Y
BANKA,Banka BioLoo Limited,Industrials,Pollution & Treatment Controls,N,Y
BANKBARODA,Bank of Baroda,Financial Services,Banks - Regional,N,N
BANKINDIA,Bank of India,Financial Services,Banks - Regional,N,N
BANSALWIRE,Bansal Wire Industries Limited,Basic Materials,Steel,N,Y
BANSWRAS,Banswara Syntex Limited,Consumer Cyclical,Textile Manufacturing,N,Y
BASF,BASF India Limited,Basic Materials,Specialty Chemicals,N,Y
BASML,Bannari Amman Spinning Mills Limited,Consumer Cyclical,Textile Manufacturing,N,Y
BATAINDIA,Bata India Limited,Consumer Durables,Footwear & Accessories,N,Y
BATLIBOI,Batliboi Limited,Industrials,Specialty Industrial Machinery,N,Y
BAYERCROP,Bayer Cropscience Limited,Chemicals,Agricultural Inputs,N,Y
BBL,Bharat Bijlee Limited,Industrials,Electrical Equipment & Parts,N,Y
BBOX,Black Box Limited,Information Technology,Software - Application,N,Y
BBTC,The Bombay Burmah Trading Corporation Limited,Fast Moving Consumer Goods,Packaged Foods,N,Y
BBTCL,B&B Triplewall Containers Limited,Consumer Cyclical,Packaging & Containers,N,Y
BCG,Brightcom Group Limited,Communication Services,Advertising Agencies,N,Y
BCLIND,Bcl Industries Limited,Consumer Defensive,Beverages - Wineries & Distilleries,N,Y
BCONCEPTS,Brand Concepts Limited,Consumer Cyclical,Footwear & Accessories,N,Y
BCPL,BCPL Railway Infrastructure Limited,Industrials,Infrastructure Operations,N,Y
BDL,Bharat Dynamics Limited,Capital Goods,Aerospace & Defense,N,N
BEARDSELL,Beardsell Limited,Industrials,Building Products & Equipment,N,Y
BECTORFOOD,Mrs. Bectors Food Specialities Limited,Fast Moving Consumer Goods,Packaged Foods,N,Y
BEDMUTHA,Bedmutha Industries Limited,Basic Materials,Steel,N,Y
BEEKAY,Beekay Steel Industries Limited,,,N,Y
BEL,Bharat Electronics Limited,Capital Goods,Aerospace & Defense,N,N
BELLACASA,Bella Casa Fashion & Retail Limited,Consumer Cyclical,Textile Manufacturing,N,Y
BELRISE,Belrise Industries Limited,Automobile and Auto Components,Auto Parts,N,Y
BEML,BEML Limited,Capital Goods,Conglomerates,N,Y
BENGALASM,Bengal & Assam Company Limited,,,N,Y
BEPL,Bhansali Engineering Polymers Limited,Basic Materials,Chemicals,N,Y
BERGEPAINT,Berger Paints (I) Limited,Consumer Durables,Specialty Chemicals,N,Y
BESTAGRO,Best Agrolife Limited,Basic Materials,Agricultural Inputs,N,Y
BETA,Beta Drugs Limited,Healthcare,Drug Manufacturers - Specialty & Generic,N,Y
BFINVEST,BF Investment Limited,Financial Services,Asset Management,N,N
BFUTILITIE,BF Utilities Limited,Industrials,Infrastructure Operations,N,Y
BGRENERGY,BGR Energy Systems Limited,Industrials,Engineering & Construction,N,Y
BHAGCHEM,Bhagiradha Chemicals & Industries Limited,Basic Materials,Agricultural Inputs,N,Y
BHAGERIA,Bhageria Industries Limited,Basic Materials,Specialty Chemicals,N,Y
BHAGYANGR,Bhagyanagar India Limited,Basic Materials,Copper,N,Y
BHANDARI,Bhandari Hosiery Exports Limited,Consumer Cyclical,Apparel Manufacturing,N,Y
BHARATCOAL,Bharat Coking Coal Limited,Basic Materials,Coking Coal,N,Y
BHARATFORG,Bharat Forge Limited,Automobile and Auto Components,Auto Parts,N,Y
BHARATGEAR,Bharat Gears Limited,Consumer Cyclical,Auto Parts,N,Y
BHARATRAS,Bharat Rasayan Limited,Basic Materials,Agricultural Inputs,N,Y
BHARATSE,Bharat Seats Limited,Consumer Cyclical,Auto Parts,N,Y
BHARATWIRE,Bharat Wire Ropes Limited,Basic Materials,Steel,N,Y
BHARTIARTL,Bharti Airtel Limited,Telecommunication,Telecom Services,N,Y
BHARTIHEXA,Bharti Hexacom Limited,Telecommunication,Telecom Services,N,Y
BHEL,Bharat Heavy Electricals Limited,Capital Goods,Specialty Industrial Machinery,N,Y
BI,Bilcare Limited,,,N,Y
BIGBLOC,Bigbloc Construction Limited,Industrials,Building Products & Equipment,N,Y
BIKAJI,Bikaji Foods International Limited,Fast Moving Consumer Goods,Packaged Foods,N,Y
BIL,Bhartiya International Limited,Consumer Cyclical,Footwear & Accessories,N,Y
BIMETAL,Bimetal Bearings Limited,Consumer Cyclical,Auto Parts,N,Y
BIOCON,Biocon Limited,Healthcare,Biotechnology,N,Y
BIOFILCHEM,Biofil Chemicals & Pharmaceuticals Limited,Healthcare,Drug Manufacturers - Specialty & Generic,N,Y
BIRLACABLE,Birla Cable Limited,Technology,Communication Equipment,N,Y
BIRLACORPN,Birla Corporation Limited,Construction Materials,Building Materials,N,Y
BIRLAMONEY,Aditya Birla Money Limited,Financial Services,Capital Markets,N,N
BIRLANU,BirlaNu Limited,Industrials,Building Products & Equipment,N,Y
BIRLAPREC,Birla Precision Technologies Limited,,,N,Y
BLACKBUCK,BLACKBUCK LIMITED,Services,Software - Application,N,Y
BLACKROSE,Black Rose Inds. Limited,,,N,Y
BLAL,BEML Land Assets Limited,Financial Services,Shell Companies,N,N
BLBLIMITED,BLB Limited,Financial Services,Capital Markets,N,N
BLIL,Balmer Lawrie Investments Limited,,,N,Y
BLISSGVS,Bliss GVS Pharma Limited,Healthcare,Drug Manufacturers - Specialty & Generic,N,Y
BLKASHYAP,B. L. Kashyap and Sons Limited,Industrials,Engineering & Construction,N,Y
BLS,BLS International Services Limited,Consumer Services,Specialty Business Services,N,Y
BLSE,BLS E-Services Limited,Industrials,Specialty Business Services,N,Y
BLUECHIP,Blue Chip India Limited,Financial Services,Capital Markets,N,N
BLUECOAST,Blue Coast Hotels Limited,Consumer Cyclical,Lodging,N,Y
BLUEDART,Blue Dart Express Limited,Services,Integrated Freight & Logistics,N,Y
BLUEJET,Blue Jet Healthcare Limited,Healthcare,Biotechnology,N,Y
BLUESTARCO,Blue Star Limited,Consumer Durables,Building Products & Equipment,N,Y
BLUESTONE,BlueStone Jewellery and Lifestyle Limited,Consumer Durables,Luxury Goods,N,Y
BLUSPRING,Bluspring Enterprises Limited,Industrials,Specialty Business Services,N,Y
BMWVENTLTD,BMW Ventures Limited,Basic Materials,Steel,N,Y
BNAGROCHEM,BN Agrochem Limited,,,N,Y
BNALTD,B & A Limited,,,N,Y
BODALCHEM,Bodal Chemicals Limited,Basic Materials,Specialty Chemicals,N,Y
BOHRAIND,Bohra Industries Limited,Basic Materials,Agricultural Inputs,N,Y
BOMDYEING,Bombay Dyeing & Mfg Company Limited,Consumer Cyclical,Textile Manufacturing,N,Y
BONLON,Bonlon Industries Limited,Basic Materials,Other Industrial Metals & Mining,N,Y
BORANA,Borana Weaves Limited,Consumer Cyclical,Textile Manufacturing,N,Y
BOROLTD,Borosil Limited,Consumer Cyclical,"Furnishings, Fixtures & Appliances",Y,N
BORORENEW,BOROSIL RENEWABLES LIMITED,Capital Goods,Solar,N,Y
BOROSCI,Borosil Scientific Limited,Consumer Cyclical,Packaging & Containers,N,Y
BOSCH-HCIL,BOSCH HOME COMFORT INDIA LIMITED,Consumer Cyclical,"Furnishings, Fixtures & Appliances",Y,N
BOSCHLTD,Bosch Limited,Automobile and Auto Components,Auto Parts,N,Y
BPCL,Bharat Petroleum Corporation Limited,Oil Gas & Consumable Fuels,Oil & Gas Refining & Marketing,N,Y
BPL,BPL Limited,Technology,Consumer Electronics,N,Y
BRIGADE,Brigade Enterprises Limited,Realty,Real Estate - Development,N,Y
BRIGHOTEL,Brigade Hotel Ventures Limited,Consumer Cyclical,Lodging,N,Y
BRITANNIA,Britannia Industries Limited,Fast Moving Consumer Goods,Packaged Foods,N,Y
BRNL,Bharat Road Network Limited,Industrials,Infrastructure Operations,N,Y
BROOKS,Brooks Laboratories Limited,Healthcare,Drug Manufacturers - Specialty & Generic,N,Y
BSE,BSE Limited,Financial Services,Financial Data & Stock Exchanges,N,N
BSHSL,Bombay Super Hybrid Seeds Limited,Basic Materials,Agricultural Inputs,N,Y
BSL,BSL Limited,Consumer Cyclical,Textile Manufacturing,N,Y
BSOFT,BIRLASOFT LIMITED,Information Technology,Information Technology Services,N,Y
BTML,Bodhi Tree Multimedia Limited,Communication Services,Entertainment,N,Y
BTTL,Bhilwara Technical Textiles Limited,Consumer Cyclical,Textile Manufacturing,N,Y
BUILDPRO,Shankara Buildpro Limited,Consumer Cyclical,Home Improvement Retail,N,Y
BUTTERFLY,Butterfly Gandhimathi Appliances Limited,Consumer Cyclical,"Furnishings, Fixtures & Appliances",Y,N
BVCL,Barak Valley Cements Limited,Basic Materials,Building Materials,N,Y
BYKE,The Byke Hospitality Ltd,Consumer Cyclical,Lodging,N,Y
CALSOFT,California Software Company Limited,Technology,Software - Application,N,Y
CAMLINFINE,Camlin Fine Sciences Limited,Basic Materials,Specialty Chemicals,N,Y
CAMPUS,Campus Activewear Limited,Consumer Durables,Footwear & Accessories,N,Y
CAMS,Computer Age Management Services Limited,Financial Services,Information Technology Services,N,N
CANBK,Canara Bank,Financial Services,Banks - Regional,N,N
CANFINHOME,Can Fin Homes Limited,Financial Services,Mortgage Finance,N,N
CANHLIFE,Canara HSBC Life Insurance Company Limited,Financial Services,Insurance - Life,N,N
CANTABIL,Cantabil Retail India Limited,Consumer Cyclical,Apparel Manufacturing,N,Y
CAPACITE,Capacit'e Infraprojects Limited,Industrials,Engineering & Construction,N,Y
CAPILLARY,Capillary Technologies India Limited,Information Technology,Software - Infrastructure,N,Y
CAPITALSFB,Capital Small Finance Bank Limited,Financial Services,Banks - Regional,N,N
CAPLIPOINT,Caplin Point Laboratories Limited,Healthcare,Drug Manufacturers - Specialty & Generic,N,Y
CAPTRUST,Capital Trust Limited,Financial Services,Credit Services,N,N
CARBORUNIV,Carborundum Universal Limited,Capital Goods,Conglomerates,N,Y
CARERATING,CARE Ratings Limited,Financial Services,Financial Data & Stock Exchanges,N,N
CARRARO,Carraro India Limited,Consumer Cyclical,Auto Parts,N,Y
CARTRADE,Cartrade Tech Limited,Consumer Services,Auto & Truck Dealerships,N,Y
CARYSIL,CARYSIL LIMITED,Consumer Cyclical,"Furnishings, Fixtures & Appliances",Y,N
CASTROLIND,Castrol India Limited,Oil Gas & Consumable Fuels,Oil & Gas Refining & Marketing,N,Y
CCAVENUE,AvenuesAI Limited,Financial Services,Software - Infrastructure,N,N
CCCL,Consolidated Construction Consortium Limited,Industrials,Engineering & Construction,N,Y
CCHHL,Country Club Hospitality & Holidays Limited,Consumer Cyclical,Lodging,N,Y
CCL,CCL Products (India) Limited,Fast Moving Consumer Goods,Packaged Foods,N,Y
CDSL,Central Depository Services (India) Limited,Financial Services,Capital Markets,N,N
CEATLTD,CEAT Limited,Automobile and Auto Components,Auto Parts,N,Y
CEIGALL,Ceigall India Limited,Industrials,Engineering & Construction,N,Y
CEINSYS,Ceinsys Tech Limited,Industrials,Engineering & Construction,N,Y
CELEBRITY,Celebrity Fashions Limited,Consumer Cyclical,Apparel Manufacturing,N,Y
CELLO,Cello World Limited,Consumer Durables,"Furnishings, Fixtures & Appliances",Y,N
CEMPRO,Cemindia Projects Limited,Construction,Engineering & Construction,N,Y
CENTENKA,Century Enka Limited,Consumer Cyclical,Textile Manufacturing,N,Y
CENTEXT,Century Extrusions Limited,Basic Materials,Aluminum,N,Y
CENTRALBK,Central Bank of India,Financial Services,Banks - Regional,N,N
CENTRUM,Centrum Capital Limited,Financial Services,Financial Conglomerates,N,N
CENTUM,Centum Electronics Limited,Technology,Electronic Components,N,Y
CENTURYPLY,Century Plyboards (India) Limited,Consumer Durables,Lumber & Wood Production,N,Y
CERA,Cera Sanitaryware Limited,Consumer Durables,Building Products & Equipment,N,Y
CEREBRAINT,Cerebra Integrated Technologies Limited,Industrials,Waste Management,N,Y
CESC,CESC Limited,Power,Utilities - Regulated Electric,N,Y
CEWATER,Concord Enviro Systems Limited,Utilities,Utilities - Regulated Water,N,Y
CGCL,Capri Global Capital Limited,Financial Services,Credit Services,N,N
CGPOWER,CG Power and Industrial Solutions Limited,Capital Goods,Electrical Equipment & Parts,N,Y
CHALET,Chalet Hotels Limited,Consumer Services,Lodging,N,Y
CHAMBLFERT,Chambal Fertilizers & Chemicals Limited,Chemicals,Agricultural Inputs,N,Y
CHEMBOND,Chembond Material Technologies Limited,Basic Materials,Specialty Chemicals,N,Y
CHEMBONDCH,Chembond Chemicals Limited,Basic Materials,Specialty Chemicals,N,Y
CHEMCON,Chemcon Speciality Chemicals Limited,Basic Materials,Specialty Chemicals,N,Y
CHEMFAB,Chemfab Alkalis Limited,Basic Materials,Specialty Chemicals,N,Y
CHEMPLASTS,Chemplast Sanmar Limited,Basic Materials,Chemicals,N,Y
CHENNPETRO,Chennai Petroleum Corporation Limited,Oil Gas & Consumable Fuels,Oil & Gas Refining & Marketing,N,Y
CHEVIOT,Cheviot Company Limited,Consumer Cyclical,Textile Manufacturing,N,Y
CHOICEIN,Choice International Limited,Financial Services,Capital Markets,N,N
CHOLAFIN,Cholamandalam Investment and Finance Company Limited,Financial Services,Credit Services,N,N
CHOLAHLDNG,Cholamandalam Financial Holdings Limited,Financial Services,Credit Services,N,N
CIEINDIA,CIE Automotive India Limited,Automobile and Auto Components,Auto Parts,N,Y
CIFL,Capital India Finance Limited,Financial Services,Credit Services,N,N
CINELINE,Cineline India Limited,Communication Services,Entertainment,N,Y
CINEVISTA,Cinevista Limited,Communication Services,Entertainment,N,Y
CIPLA,Cipla Limited,Healthcare,Drug Manufacturers - Specialty & Generic,N,Y
CLEAN,Clean Science and Technology Limited,Chemicals,Specialty Chemicals,N,Y
CLEANMAX,Clean Max Enviro Energy Solutions Limited,Utilities,Utilities - Renewable,N,Y
CLEDUCATE,CL Educate Limited,Consumer Defensive,Education & Training Services,N,Y
CLSEL,Chaman Lal Setia Exports Limited,Consumer Defensive,Packaged Foods,N,Y
CMPDI,Central Mine Planning & Design Institute Limited,Basic Materials,Other Industrial Metals & Mining,N,Y
CMSINFO,CMS Info Systems Limited,Services,Specialty Business Services,N,Y
CNL,Creative Newtech Limited,Technology,Electronics & Computer Distribution,N,Y
COALINDIA,Coal India Limited,Oil Gas & Consumable Fuels,Thermal Coal,N,Y
COASTCORP,Coastal Corporation Limited,Consumer Defensive,Packaged Foods,N,Y
COCHINSHIP,Cochin Shipyard Limited,Capital Goods,Aerospace & Defense,N,N
COCKERILL,John Cockerill India Limited,Industrials,Metal Fabrication,N,Y
COFFEEDAY,Coffee Day Enterprises Limited,Consumer Cyclical,Restaurants,N,Y
COFORGE,Coforge Limited,Information Technology,Information Technology Services,N,Y
COHANCE,Cohance Lifesciences Limited,Healthcare,Drug Manufacturers - Specialty & Generic,N,Y
COLPAL,Colgate Palmolive (India) Limited,Fast Moving Consumer Goods,Household & Personal Products,N,Y
COMFINTE,Comfort Intech Limited,,,N,Y
COMPINFO,Compuage Infocom Limited,Technology,Electronics & Computer Distribution,N,Y
COMPUSOFT,Compucom Software Limited,Consumer Defensive,Education & Training Services,N,Y
COMSYN,Commercial Syn Bags Limited,Consumer Cyclical,Packaging & Containers,N,Y
CONCOR,Container Corporation of India Limited,Services,Railroads,N,Y
CONCORDBIO,Concord Biotech Limited,Healthcare,Biotechnology,N,Y
CONFIPET,Confidence Petroleum India Limited,Energy,Oil & Gas Refining & Marketing,N,Y
CONSOFINVT,Consolidated Finvest & Holdings Limited,Financial Services,Capital Markets,N,N
CONTROLPR,Control Print Limited,Industrials,Business Equipment & Supplies,N,Y
CORALFINAC,Coral India Finance & Housing Limited,Real Estate,Real Estate Services,N,Y
CORDSCABLE,Cords Cable Industries Limited,Industrials,Electrical Equipment & Parts,N,Y
COROMANDEL,Coromandel International Limited,Chemicals,Agricultural Inputs,N,Y
CORONA,CORONA Remedies Limited,Healthcare,Drug Manufacturers - General,N,Y
COSMOFIRST,COSMO FIRST LIMITED,Consumer Cyclical,Packaging & Containers,N,Y
COUNCODOS,Country Condo's Limited,Real Estate,Real Estate - Development,N,Y
CPCAP,CP Capital Limited,Financial Services,Credit Services,N,N
CPEDU,Career Point Edutech Limited,Consumer Defensive,Education & Training Services,N,Y
CPPLUS,Aditya Infotech Limited,Capital Goods,Building Products & Equipment,N,Y
CRAFTSMAN,Craftsman Automation Limited,Automobile and Auto Components,Auto Parts,N,Y
CRAMC,Canara Robeco Asset Management Company Limited,Financial Services,Asset Management,N,N
CREATIVEYE,Creative Eye Limited,Communication Services,Entertainment,N,Y
CREDITACC,CREDITACCESS GRAMEEN LIMITED,Financial Services,Credit Services,N,N
CREST,Crest Ventures Limited,Financial Services,Financial Conglomerates,N,N
CRISIL,CRISIL Limited,Financial Services,Financial Data & Stock Exchanges,N,Y
CRIZAC,Crizac Limited,Consumer Services,Education & Training Services,N,Y
CROMPTON,Crompton Greaves Consumer Electricals Limited,Consumer Durables,"Furnishings, Fixtures & Appliances",Y,N
CROWN,Crown Lifters Limited,Industrials,Rental & Leasing Services,N,Y
CSBBANK,CSB Bank Limited,Financial Services,Banks - Regional,N,N
CSLFINANCE,CSL Finance Limited,Financial Services,Credit Services,N,N
CTE,Cambridge Technology Enterprises Limited,Technology,Information Technology Services,N,Y
CUB,City Union Bank Limited,Financial Services,Banks - Regional,N,N
CUBEXTUB,Cubex Tubings Limited,Basic Materials,Copper,N,Y
CUMMINSIND,Cummins India Limited,Capital Goods,Specialty Industrial Machinery,N,Y
CUPID,Cupid Limited,Fast Moving Consumer Goods,Household & Personal Products,N,Y
CURAA,Cura Technologies Limited,Technology,Software - Application,N,Y
CYBERMEDIA,Cyber Media (India) Limited,Communication Services,Publishing,N,Y
CYBERTECH,Cybertech Systems And Software Limited,Technology,Information Technology Services,N,Y
CYIENT,Cyient Limited,Information Technology,Conglomerates,N,Y
CYIENTDLM,Cyient DLM Limited,Technology,Electronic Components,N,Y
DABUR,Dabur India Limited,Fast Moving Consumer Goods,Household & Personal Products,N,Y
DAICHI,Dai-Ichi Karkaria Limited,,,N,Y
DALBHARAT,Dalmia Bharat Limited,Construction Materials,Building Materials,N,Y
DALMIASUG,Dalmia Bharat Sugar and Industries Limited,Consumer Defensive,Confectioners,N,Y
DAMCAPITAL,Dam Capital Advisors Limited,Financial Services,Capital Markets,N,N
DAMODARIND,Damodar Industries Limited,Consumer Cyclical,Textile Manufacturing,N,Y
DANGEE,Dangee Dums Limited,Consumer Cyclical,Restaurants,N,Y
DATAMATICS,Datamatics Global Services Limited,Information Technology,Information Technology Services,N,Y
DATAPATTNS,Data Patterns (India) Limited,Capital Goods,Aerospace & Defense,N,N
DAVANGERE,Davangere Sugar Company Limited,Consumer Defensive,Confectioners,N,Y
DBCORP,D.B.Corp Limited,Communication Services,Publishing,N,Y
DBEIL,Deepak Builders & Engineers India Limited,Industrials,Engineering & Construction,N,Y
DBL,Dilip Buildcon Limited,Construction,Engineering & Construction,N,Y
DBOL,Dhampur Bio Organics Limited,Consumer Defensive,Farm Products,N,Y
DBREALTY,Valor Estate Limited,Realty,Real Estate - Development,N,Y
DBSTOCKBRO,DB (International) Stock Brokers Limited,Financial Services,Capital Markets,N,N
DCAL,Dishman Carbogen Amcis Limited,Healthcare,Biotechnology,N,Y
DCBBANK,DCB Bank Limited,Financial Services,Banks - Regional,N,N
DCI,Dc Infotech And Communication Limited,Technology,Electronics & Computer Distribution,N,Y
DCM,DCM  Limited,Industrials,Metal Fabrication,N,Y
DCMFINSERV,DCM Financial Services Limited,Financial Services,Credit Services,N,N
DCMNVL,DCM Nouvelle Limited,Consumer Cyclical,Textile Manufacturing,N,Y
DCMSHRIRAM,DCM Shriram Limited,Diversified,Conglomerates,N,Y
DCMSIL,DCM Shriram International Limited,Industrials,Industrial Distribution,N,Y
DCMSRIND,DCM Shriram Industries Limited,Consumer Defensive,Confectioners,N,Y
DCW,DCW Limited,Basic Materials,Chemicals,N,Y
DCXINDIA,DCX Systems Limited,Industrials,Aerospace & Defense,N,N
DDEVPLSTIK,Ddev Plastiks Industries Limited,Basic Materials,Specialty Chemicals,N,Y
DECCANCE,Deccan Cements Limited,Basic Materials,Building Materials,N,Y
DECNGOLD,Deccan Gold Mines Limited,,,N,Y
DEEDEV,DEE Development Engineers Limited,Industrials,Metal Fabrication,N,Y
DEEPAKFERT,Deepak Fertilizers and Petrochemicals Corporation Limited,Chemicals,Chemicals,N,Y
DEEPAKNTR,Deepak Nitrite Limited,Chemicals,Chemicals,N,Y
DEEPINDS,Deep Industries Limited,Energy,Oil & Gas E&P,N,Y
DELHIVERY,Delhivery Limited,Services,Integrated Freight & Logistics,N,Y
DELPHIFX,DELPHI WORLD MONEY LIMITED,Financial Services,Capital Markets,N,N
DELTACORP,Delta Corp Limited,Consumer Cyclical,Resorts & Casinos,N,N
DELTAMAGNT,Delta Manufacturing Limited,Consumer Cyclical,Textile Manufacturing,N,Y
DEN,Den Networks Limited,Communication Services,Entertainment,N,Y
DENORA,De Nora India Limited,Industrials,Electrical Equipment & Parts,N,Y
DENTA,Denta Water and Infra Solutions Limited,Industrials,Engineering & Construction,N,Y
DEVIT,Dev Information Technology Limited,Technology,Information Technology Services,N,Y
DEVX,Dev Accelerator Limited,Real Estate,Real Estate Services,N,Y
DEVYANI,Devyani International Limited,Consumer Services,Restaurants,N,Y
DGCONTENT,Digicontent Limited,Communication Services,Internet Content & Information,N,Y
DHAMPURSUG,Dhampur Sugar Mills Limited,Consumer Defensive,Confectioners,N,Y
DHANBANK,Dhanlaxmi Bank Limited,Financial Services,Banks - Regional,N,N
DHANUKA,Dhanuka Agritech Limited,Basic Materials,Agricultural Inputs,N,Y
DHARMAJ,Dharmaj Crop Guard Limited,Basic Materials,Agricultural Inputs,N,Y
DHRUV,Dhruv Consultancy Services Limited,Industrials,Engineering & Construction,N,Y
DHUNINV,Dhunseri Investments Limited,Financial Services,Capital Markets,N,N
DIACABS,Diamond Power Infrastructure Limited,Capital Goods,Specialty Industrial Machinery,N,Y
DIAMINESQ,Diamines & Chemicals Limited,Basic Materials,Chemicals,N,Y
DIAMONDYD,Prataap Snacks Limited,Consumer Defensive,Packaged Foods,N,Y
DICIND,DIC India Limited,Basic Materials,Specialty Chemicals,N,Y
DIFFNKG,Diffusion Engineers Limited,Industrials,Specialty Industrial Machinery,N,Y
DIGIDRIVE,Digidrive Distributors Limited,Consumer Cyclical,Internet Retail,N,Y
DIGISPICE,DiGiSPICE Technologies Limited,Financial Services,Financial Conglomerates,N,N
DIGITIDE,Digitide Solutions Limited,Industrials,Specialty Business Services,N,Y
DIGJAMLMTD,Digjam Limited,Consumer Cyclical,Textile Manufacturing,N,Y
DISAQ,Disa India Limited,,,N,Y
DISHTV,Dish TV India Limited,Communication Services,Entertainment,N,Y
DIVGIITTS,Divgi Torqtransfer Systems Limited,Consumer Cyclical,Auto Parts,N,Y
DIVISLAB,Divi's Laboratories Limited,Healthcare,Drug Manufacturers - Specialty & Generic,N,Y
DIXON,Dixon Technologies (India) Limited,Consumer Durables,Consumer Electronics,N,Y
DJML,DJ Mediaprint & Logistics Limited,Industrials,Specialty Business Services,N,Y
DLF,DLF Limited,Realty,Real Estate - Development,N,Y
DLINKINDIA,D-Link (India) Limited,Technology,Communication Equipment,N,Y
DMART,Avenue Supermarts Limited,Consumer Services,Discount Stores,N,Y
DMCC,DMCC SPECIALITY CHEMICALS LIMITED,Basic Materials,Chemicals,N,Y
DNAMEDIA,Diligent Media Corporation Limited,Communication Services,Publishing,N,Y
DODLA,Dodla Dairy Limited,Consumer Defensive,Food Distribution,N,Y
DOLATALGO,Dolat Algotech Limited,Financial Services,Capital Markets,N,N
DOLLAR,Dollar Industries Limited,Consumer Cyclical,Apparel Manufacturing,N,Y
DOLPHIN,Dolphin Offshore Enterprises (India) Limited,Energy,Oil & Gas Equipment & Services,N,Y
DOMS,DOMS Industries Limited,Fast Moving Consumer Goods,Business Equipment & Supplies,N,Y
DONEAR,Donear Industries Limited,Consumer Cyclical,Textile Manufacturing,N,Y
DPABHUSHAN,D. P. Abhushan Limited,Consumer Cyclical,Luxury Goods,N,Y
DPSCLTD,DPSC Limited,Utilities,Utilities - Regulated Electric,N,Y
DPWIRES,D P Wires Limited,Industrials,Metal Fabrication,N,Y
DRAGARWQ,Dr Agarwals Eye Hospital Limited,,,N,Y
DRCSYSTEMS,DRC Systems India Limited,Technology,Information Technology Services,N,Y
DREAMFOLKS,Dreamfolks Services Limited,Industrials,Airports & Air Services,N,Y
DREDGECORP,Dredging Corporation of India Limited,Industrials,Engineering & Construction,N,Y
DRREDDY,Dr. Reddy's Laboratories Limited,Healthcare,Drug Manufacturers - Specialty & Generic,N,Y
DSFCL,DCM Shriram Fine Chemicals Limited,Basic Materials,Specialty Chemicals,N,Y
DSSL,Dynacons Systems & Solutions Limited,Technology,Information Technology Services,N,Y
DTIL,Dhunseri Tea & Industries Limited,Consumer Defensive,Packaged Foods,N,Y
DUCON,Ducon Infratechnologies Limited,Industrials,Specialty Industrial Machinery,N,Y
DVL,Dhunseri Ventures Limited,Financial Services,Capital Markets,N,N
DWARKESH,Dwarikesh Sugar Industries Limited,Consumer Defensive,Confectioners,N,Y
DYCL,Dynamic Cables Limited,Industrials,Electrical Equipment & Parts,N,Y
DYNAMATECH,Dynamatic Technologies Limited,Capital Goods,Auto Parts,N,Y
DYNPRO,Dynemic Products Limited,Basic Materials,Specialty Chemicals,N,Y
E2E,E2E Networks Limited,Technology,Software - Infrastructure,Y,Y
EASEMYTRIP,Easy Trip Planners Limited,Consumer Cyclical,Travel Services,N,Y
EASTSILK,Eastern Silk Industries Limited,Consumer Cyclical,Textile Manufacturing,N,Y
EBGNG,GNG Electronics Limited,Technology,Computer Hardware,N,Y
ECLERX,eClerx Services Limited,Services,Information Technology Services,N,Y
ECOSMOBLTY,Ecos (India) Mobility & Hospitality Limited,Industrials,Rental & Leasing Services,N,Y
EDELWEISS,Edelweiss Financial Services Limited,Financial Services,Financial Conglomerates,N,N
EFCIL,EFC (I) Limited,Real Estate,Real Estate Services,N,Y
EICHERMOT,Eicher Motors Limited,Automobile and Auto Components,Auto Manufacturers,N,Y
EIDPARRY,EID Parry India Limited,Fast Moving Consumer Goods,Agricultural Inputs,N,Y
EIEL,Enviro Infra Engineers Limited,Utilities,Engineering & Construction,N,Y
EIFFL,Euro India Fresh Foods Limited,Consumer Defensive,Packaged Foods,N,Y
EIHAHOTELS,EIH Associated Hotels Limited,Consumer Cyclical,Lodging,N,Y
EIHOTEL,EIH Limited,Consumer Services,Lodging,N,Y
EIMCOELECO,Eimco Elecon (India) Limited,Industrials,Farm & Heavy Construction Machinery,N,Y
EKC,Everest Kanto Cylinder Limited,Industrials,Specialty Industrial Machinery,N,Y
ELANTAS,Elantas Beck India Limited,Basic Materials,Specialty Chemicals,N,Y
ELCIDIN,EL CID Investments Limited,,,N,Y
ELDEHSG,Eldeco Housing And Industries Limited,Real Estate,Real Estate Services,N,Y
ELECON,Elecon Engineering Company Limited,Capital Goods,Specialty Industrial Machinery,N,Y
ELECTCAST,Electrosteel Castings Limited,Capital Goods,Building Products & Equipment,N,Y
ELECTHERM,Electrotherm (India) Limited,Basic Materials,Steel,N,Y
ELGIEQUIP,Elgi Equipments Limited,Capital Goods,Specialty Industrial Machinery,N,Y
ELGIRUBCO,Elgi Rubber Company Limited,Consumer Cyclical,Auto Parts,N,Y
ELIN,Elin Electronics Limited,Industrials,Electrical Equipment & Parts,N,Y
ELITECON,Elitecon International Limited,,,N,Y
ELLEN,Ellenbarrie Industrial Gases Limited,Chemicals,Chemicals,N,Y
ELPROINTL,Elpro International Limited,,,N,Y
EMAMILTD,Emami Limited,Fast Moving Consumer Goods,Household & Personal Products,N,Y
EMAMIPAP,Emami Paper Mills Limited,Basic Materials,Paper & Paper Products,N,Y
EMAMIREAL,Emami Realty Limited,Real Estate,Real Estate - Development,N,Y
EMBDL,Embassy Developments Limited,Realty,Real Estate - Diversified,N,Y
EMCURE,Emcure Pharmaceuticals Limited,Healthcare,Drug Manufacturers - Specialty & Generic,N,Y
EMIL,Electronics Mart India Limited,Consumer Services,Specialty Retail,N,Y
EMKAY,Emkay Global Financial Services Limited,Financial Services,Capital Markets,N,N
EMMBI,Emmbi Industries Limited,Consumer Cyclical,Packaging & Containers,N,Y
EMMVEE,Emmvee Photovoltaic Power Limited,Capital Goods,Solar,N,Y
EMPOWER,Empower India Limited,,,N,Y
EMSLIMITED,EMS Limited,Industrials,Engineering & Construction,N,Y
EMUDHRA,eMudhra Limited,Technology,Software - Application,N,Y
ENDURANCE,Endurance Technologies Limited,Automobile and Auto Components,Auto Parts,N,Y
ENERGYDEV,Energy Development Company Limited,Utilities,Utilities - Regulated Electric,N,Y
ENGINERSIN,Engineers India Limited,Construction,Engineering & Construction,N,Y
ENIL,Entertainment Network (India) Limited,Communication Services,Broadcasting,N,Y
ENRIN,Siemens Energy India Limited,Capital Goods,Utilities - Renewable,N,Y
ENTERO,Entero Healthcare Solutions Limited,Consumer Services,Medical Distribution,N,Y
EPACK,EPACK Durable Limited,Consumer Cyclical,"Furnishings, Fixtures & Appliances",Y,N
EPACKPEB,EPack Prefab Technologies Limited,Industrials,Engineering & Construction,N,Y
EPIGRAL,Epigral Limited,Basic Materials,Chemicals,N,Y
EPL,EPL Limited,Capital Goods,Packaging & Containers,N,Y
EQUIPPP,Equippp Social Impact Technologies Limited,Technology,Information Technology Services,N,Y
EQUITASBNK,Equitas Small Finance Bank Limited,Financial Services,Banks - Regional,N,N
ERIS,Eris Lifesciences Limited,Healthcare,Drug Manufacturers - Specialty & Generic,N,Y
ESABINDIA,Esab India Limited,Industrials,Tools & Accessories,N,Y
ESAFSFB,ESAF Small Finance Bank Limited,Financial Services,Banks - Regional,N,N
ESCORTS,Escorts Kubota Limited,Capital Goods,Farm & Heavy Construction Machinery,N,Y
ESSARSHPNG,Essar Shipping Limited,Industrials,Marine Shipping,N,Y
ESSENTIA,Integra Essentia Limited,Consumer Defensive,Food Distribution,N,Y
ESTER,Ester Industries Limited,Basic Materials,Specialty Chemicals,N,Y
ETERNAL,ETERNAL LIMITED,Consumer Services,Internet Retail,N,Y
ETHOSLTD,Ethos Limited,Consumer Durables,Luxury Goods,N,Y
EUREKAFORB,Eureka Forbes Limited,Consumer Durables,"Furnishings, Fixtures & Appliances",Y,N
EUROBOND,Euro Panel Products Limited,Industrials,Building Products & Equipment,N,Y
EUROPRATIK,Euro Pratik Sales Limited,Basic Materials,Building Materials,N,Y
EUROTEXIND,Eurotex Industries and Exports Limited,Real Estate,Real Estate - Development,N,Y
EVEREADY,Eveready Industries India Limited,Industrials,Electrical Equipment & Parts,N,Y
EVERESTIND,Everest Industries Limited,Industrials,Building Products & Equipment,N,Y
EXCELINDUS,Excel Industries Limited,Basic Materials,Specialty Chemicals,N,Y
EXCELSOFT,Excelsoft Technologies Limited,Technology,Software - Application,N,Y
EXICOM,Exicom Tele-Systems Limited,Industrials,Electrical Equipment & Parts,N,Y
EXIDEIND,Exide Industries Limited,Automobile and Auto Components,Auto Parts,N,Y
EXPLEOSOL,Expleo Solutions Limited,Technology,Information Technology Services,N,Y
EXXARO,Exxaro Tiles Limited,Industrials,Building Products & Equipment,N,Y
FABTECH,Fabtech Technologies Limited,Healthcare,Health Information Services,N,Y
FACT,Fertilizers and Chemicals Travancore Limited,Chemicals,Agricultural Inputs,N,Y
FAIRCHEMOR,Fairchem Organics Limited,Basic Materials,Specialty Chemicals,N,Y
FAZE3Q,Faze Three Limited,Consumer Cyclical,Textile Manufacturing,N,Y
FCL,Fineotex Chemical Limited,Basic Materials,Specialty Chemicals,N,Y
FCSSOFT,FCS Software Solutions Limited,Technology,Information Technology Services,N,Y
FDC,FDC Limited,Healthcare,Drug Manufacturers - Specialty & Generic,N,Y
FEDDERSHOL,Fedders Holding Limited,,,N,Y
FEDERALBNK,The Federal Bank  Limited,Financial Services,Banks - Regional,N,N
FEDFINA,Fedbank Financial Services Limited,Financial Services,Credit Services,N,N
FEL,Future Enterprises Limited,Consumer Cyclical,Department Stores,N,Y
FELDVR,Future Enterprises Limited,Consumer Cyclical,Department Stores,N,Y
FERMENTA,Fermenta Biotech Limited,,,N,Y
FIBERWEB,Fiberweb (India) Limited,Consumer Cyclical,Textile Manufacturing,N,Y
FIEMIND,Fiem Industries Limited,Automobile and Auto Components,Auto Parts,N,Y
FILATEX,Filatex India Limited,Consumer Cyclical,Textile Manufacturing,N,Y
FILATFASH,Filatex Fashions Limited,Consumer Cyclical,Apparel Manufacturing,N,Y
FINCABLES,Finolex Cables Limited,Capital Goods,Electrical Equipment & Parts,N,Y
FINEORG,Fine Organic Industries Limited,Basic Materials,Specialty Chemicals,N,Y
FINKURVE,Finkurve Financial Services Limited,Financial Services,Credit Services,N,N
FINOPB,Fino Payments Bank Limited,Financial Services,Banks - Regional,N,N
FINPIPE,Finolex Industries Limited,Capital Goods,Building Products & Equipment,N,Y
FIRSTCRY,Brainbees Solutions Limited,Consumer Services,Internet Retail,N,Y
FISCHER,Fischer Medical Ventures Limited,Healthcare,Medical Devices,N,Y
FIVESTAR,Five-Star Business Finance Limited,Financial Services,Credit Services,N,N
FLAIR,Flair Writing Industries Limited,Industrials,Business Equipment & Supplies,N,Y
FLEXITUFF,Flexituff Ventures International Limited,Consumer Cyclical,Textile Manufacturing,N,Y
FLFL,Future Lifestyle Fashions Limited,Consumer Cyclical,Apparel Manufacturing,N,Y
FLUOROCHEM,Gujarat Fluorochemicals Limited,Chemicals,Specialty Chemicals,N,Y
FMGOETZE,Federal-Mogul Goetze (India) Limited.,Consumer Cyclical,Auto Parts,N,Y
FMNL,Future Market Networks Limited,Real Estate,Real Estate Services,N,Y
FOCUS,Focus Lighting and Fixtures Limited,Consumer Cyclical,"Furnishings, Fixtures & Appliances",Y,N
FOODSIN,Foods & Inns Limited,Consumer Defensive,Packaged Foods,N,Y
FORCEMOT,FORCE MOTORS LTD,Automobile and Auto Components,Auto Manufacturers,Y,Y
FORTIS,Fortis Healthcare Limited,Healthcare,Medical Care Facilities,N,Y
FOSECOIND,Foseco India Limited,Basic Materials,Chemicals,N,Y
FRACTAL,Fractal Analytics Limited,Technology,Software - Infrastructure,N,Y
FRONTSP,Frontier Springs Limited,,,N,Y
FSL,Firstsource Solutions Limited,Services,Information Technology Services,N,Y
FUSION,Fusion Finance Limited,Financial Services,Credit Services,N,N
GABRIEL,Gabriel India Limited,Automobile and Auto Components,Auto Parts,N,Y
GAEL,Gujarat Ambuja Exports Limited,Fast Moving Consumer Goods,Packaged Foods,N,Y
GAIL,GAIL (India) Limited,Oil Gas & Consumable Fuels,Utilities - Regulated Gas,N,Y
GALAPREC,Gala Precision Engineering Limited,Industrials,Specialty Industrial Machinery,N,Y
GALAXYSURF,Galaxy Surfactants Limited,Basic Materials,Specialty Chemicals,N,Y
GALLANTT,Gallantt Ispat Limited,Capital Goods,Steel,N,Y
GANDHAR,Gandhar Oil Refinery (India) Limited,Energy,Oil & Gas Refining & Marketing,N,Y
GANDHITUBE,Gandhi Special Tubes Limited,Industrials,Metal Fabrication,N,Y
GANECOS,Ganesha Ecosphere Limited,Consumer Cyclical,Textile Manufacturing,N,Y
GANESHBE,Ganesh Benzoplast Limited,Basic Materials,Specialty Chemicals,N,Y
GANESHCP,Ganesh Consumer Products Limited,Consumer Defensive,Packaged Foods,N,Y
GANESHHOU,GANESH HOUSING LIMITED,Real Estate,Real Estate - Development,N,Y
GANGAFORGE,Ganga Forging Limited,Industrials,Metal Fabrication,N,Y
GANGESSECU,Ganges Securities Limited,Consumer Defensive,Packaged Foods,N,Y
GARFIBRES,Garware Technical Fibres Limited,Consumer Cyclical,Textile Manufacturing,N,Y
GARUDA,Garuda Construction and Engineering Limited,Industrials,Engineering & Construction,N,Y
GATECH,GACM Technologies Limited,Financial Services,Asset Management,N,N
GATECHDVR,GACM Technologies Limited,Financial Services,Asset Management,N,N
GATEWAY,Gateway Distriparks Limited,Industrials,Integrated Freight & Logistics,N,Y
GAUDIUMIVF,Gaudium IVF and Women Health Limited,Healthcare,Medical Care Facilities,N,Y
GAYAHWS,Gayatri Highways Limited,Industrials,Infrastructure Operations,N,Y
GAYAPROJ,Gayatri Projects Limited,Industrials,Engineering & Construction,N,Y
GCSL,Gretex Corporate Services Limited,Financial Services,Capital Markets,N,N
GEECEE,GeeCee Ventures Limited,Real Estate,Real Estate - Development,N,Y
GEEKAYWIRE,Geekay Wires Limited,Industrials,Electrical Equipment & Parts,N,Y
GEMAROMA,Gem Aromatics Limited,Basic Materials,Chemicals,N,Y
GENCON,Generic Engineering Construction and Projects Limited,Industrials,Engineering & Construction,N,Y
GENESYS,Genesys International Corporation Limited,Technology,Software - Application,N,Y
GENUSPAPER,Genus Paper & Boards Limited,Basic Materials,Paper & Paper Products,N,Y
GENUSPOWER,Genus Power Infrastructures Limited,Industrials,Electrical Equipment & Parts,N,Y
GEOJITFSL,Geojit Financial Services Limited,Financial Services,Capital Markets,N,N
GESHIP,The Great Eastern Shipping Company Limited,Services,Marine Shipping,N,Y
GFLLIMITED,GFL Limited,Financial Services,Asset Management,N,N
GHCL,GHCL Limited,Chemicals,Chemicals,N,Y
GHCLTEXTIL,GHCL Textiles Limited,Consumer Cyclical,Textile Manufacturing,N,Y
GICHSGFIN,GIC Housing Finance Limited,Financial Services,Mortgage Finance,N,N
GICL,Globe International Carriers Limited,Industrials,Integrated Freight & Logistics,N,Y
GICRE,General Insurance Corporation of India,Financial Services,Insurance - Reinsurance,N,N
GILLANDERS,Gillanders Arbuthnot & Company Limited,Consumer Defensive,Farm Products,N,Y
GILLETTE,Gillette India Limited,Fast Moving Consumer Goods,Household & Personal Products,N,Y
GINNIFILA,Ginni Filaments Limited,Consumer Cyclical,Textile Manufacturing,N,Y
GIPCL,Gujarat Industries Power Company Limited,Utilities,Utilities - Regulated Electric,N,Y
GKENERGY,GK Energy Limited,Utilities,Utilities - Renewable,N,Y
GKSL,Gujarat Kidney And Super Speciality Limited,Healthcare,Medical Care Facilities,N,Y
GKWLIMITED,GKW Limited,Industrials,Specialty Business Services,N,Y
GLAND,Gland Pharma Limited,Healthcare,Drug Manufacturers - Specialty & Generic,N,Y
GLAXO,GlaxoSmithKline Pharmaceuticals Limited,Healthcare,Drug Manufacturers - General,N,Y
GLENMARK,Glenmark Pharmaceuticals Limited,Healthcare,Drug Manufacturers - Specialty & Generic,N,Y
GLFL,Gujarat Lease Financing Limited,Financial Services,Shell Companies,N,N
GLOBAL,Global Education Limited,Consumer Defensive,Education & Training Services,N,Y
GLOBALE,Globale Tessile Limited,Consumer Cyclical,Textile Manufacturing,N,Y
GLOBALVECT,Global Vectra Helicorp Limited,Industrials,Airports & Air Services,N,Y
GLOBE,GLOBE ENTERPRISES (INDIA) LIMITED,Consumer Cyclical,Textile Manufacturing,N,Y
GLOBECIVIL,Globe Civil Projects Limited,Industrials,Engineering & Construction,N,Y
GLOBUSSPR,Globus Spirits Limited,Consumer Defensive,Beverages - Wineries & Distilleries,N,Y
GLOSTERLTD,Gloster Limited,Consumer Cyclical,Textile Manufacturing,N,Y
GLOTTIS,Glottis Limited,Industrials,Integrated Freight & Logistics,N,Y
GMBREW,GM Breweries Limited,Consumer Defensive,Beverages - Wineries & Distilleries,N,Y
GMDCLTD,Gujarat Mineral Development Corporation Limited,Metals & Mining,Thermal Coal,N,Y
GMMPFAUDLR,GMM Pfaudler Limited,Capital Goods,Specialty Industrial Machinery,N,Y
GMRAIRPORT,GMR AIRPORTS LIMITED,Services,Airports & Air Services,N,Y
GMRP&UI,GMR Power and Urban Infra Limited,Power,Thermal Coal,N,Y
GNA,GNA Axles Limited,Consumer Cyclical,Auto Parts,N,Y
GNFC,Gujarat Narmada Valley Fertilizers and Chemicals Limited,Chemicals,Chemicals,N,Y
GNRL,Gujarat Natural Resources Limited,,,N,Y
GOACARBON,Goa Carbon Limited,Basic Materials,Specialty Chemicals,N,Y
GOCLCORP,GOCL Corporation Limited,Basic Materials,Specialty Chemicals,N,Y
GOCOLORS,Go Fashion (India) Limited,Consumer Cyclical,Apparel Retail,N,Y
GODAVARIB,Godavari Biorefineries Limited,Basic Materials,Chemicals,N,Y
GODFRYPHLP,Godfrey Phillips India Limited,Fast Moving Consumer Goods,Tobacco,N,N
GODIGIT,Go Digit General Insurance Limited,Financial Services,Insurance - Property & Casualty,N,N
GODREJAGRO,Godrej Agrovet Limited,Fast Moving Consumer Goods,Packaged Foods,N,Y
GODREJCP,Godrej Consumer Products Limited,Fast Moving Consumer Goods,Household & Personal Products,N,Y
GODREJIND,Godrej Industries Limited,Diversified,Conglomerates,N,Y
GODREJPROP,Godrej Properties Limited,Realty,Real Estate - Development,N,Y
GOKEX,Gokaldas Exports Limited,Textiles,Apparel Manufacturing,N,Y
GOKUL,Gokul Refoils and Solvent Limited,Consumer Defensive,Packaged Foods,N,Y
GOKULAGRO,Gokul Agro Resources Limited,Fast Moving Consumer Goods,Packaged Foods,N,Y
GOLDENTOBC,Golden Tobacco Limited,Consumer Defensive,Tobacco,N,N
GOLDIAM,Goldiam International Limited,Consumer Cyclical,Luxury Goods,N,Y
GOLDTECH,AION-TECH SOLUTIONS LIMITED,Technology,Information Technology Services,N,Y
GOODLUCK,Goodluck India Limited,Basic Materials,Steel,N,Y
GOODYEAR,Goodyear India Limited,Consumer Cyclical,Auto Parts,N,Y
GOPAL,Gopal Snacks Limited,Consumer Defensive,Packaged Foods,N,Y
GOYALALUM,Goyal Aluminiums Limited,Basic Materials,Aluminum,N,Y
GPIL,Godawari Power And Ispat limited,Capital Goods,Steel,N,Y
GPPL,Gujarat Pipavav Port Limited,Services,Marine Shipping,N,Y
GPTHEALTH,GPT Healthcare Limited,Healthcare,Medical Care Facilities,N,Y
GPTINFRA,GPT Infraprojects Limited,Industrials,Engineering & Construction,N,Y
GRADIENTE,Gradiente Infotainment Limited,Communication Services,Entertainment,N,Y
GRANDOAK,Grand Oak Canyons Distillery Limited,,,N,Y
GRANULES,Granules India Limited,Healthcare,Drug Manufacturers - Specialty & Generic,N,Y
GRAPHITE,Graphite India Limited,Capital Goods,Electrical Equipment & Parts,N,Y
GRASIM,Grasim Industries Limited,Construction Materials,Building Materials,N,Y
GRAUWEIL,Grauer & Weil India Limited,Basic Materials,Specialty Chemicals,N,Y
GRAVISSHO,Graviss Hospitality Limited,,,N,Y
GRAVITA,Gravita India Limited,Metals & Mining,Metal Fabrication,Y,Y
GREAVESCOT,Greaves Cotton Limited,Capital Goods,Specialty Industrial Machinery,N,Y
GREENLAM,Greenlam Industries Limited,Consumer Cyclical,"Furnishings, Fixtures & Appliances",Y,N
GREENPANEL,Greenpanel Industries Limited,Basic Materials,Lumber & Wood Production,N,Y
GREENPLY,Greenply Industries Limited,Basic Materials,Lumber & Wood Production,N,Y
GREENPOWER,Orient Green Power Company Limited,Utilities,Utilities - Independent Power Producers,N,Y
GRINDWELL,Grindwell Norton Limited,Industrials,Building Products & Equipment,N,Y
GRINFRA,G R Infraprojects Limited,Industrials,Engineering & Construction,N,Y
GRMOVER,GRM Overseas Limited,Consumer Defensive,Packaged Foods,N,Y
GROBTEA,The Grob Tea Company Limited,Consumer Defensive,Farm Products,N,Y
GROWW,Billionbrains Garage Ventures Limited,Financial Services,Capital Markets,N,N
GRPLTD,GRP Limited,Consumer Cyclical,Auto Parts,N,Y
GRSE,Garden Reach Shipbuilders & Engineers Limited,Capital Goods,Aerospace & Defense,N,N
GRWRHITECH,Garware Hi-Tech Films Limited,Capital Goods,Specialty Chemicals,N,Y
GSFC,Gujarat State Fertilizers & Chemicals Limited,Chemicals,Agricultural Inputs,N,Y
GSLSU,Global Surfaces Limited,Basic Materials,Building Materials,N,Y
GSPCROP,GSP Crop Science Limited,Basic Materials,Agricultural Inputs,N,Y
GSS,GSS Infotech Limited,Technology,Information Technology Services,N,Y
GTECJAINX,G-TEC JAINX EDUCATION LIMITED,Consumer Defensive,Education & Training Services,N,Y
GTL,GTL Limited,Communication Services,Telecom Services,N,Y
GTLINFRA,GTL Infrastructure Limited,Technology,Communication Equipment,N,Y
GTPL,GTPL Hathway Limited,Communication Services,Entertainment,N,Y
GUFICBIO,Gufic Biosciences Limited,Healthcare,Drug Manufacturers - Specialty & Generic,N,Y
GUJALKALI,Gujarat Alkalies and Chemicals Limited,Basic Materials,Chemicals,N,Y
GUJAPOLLO,Gujarat Apollo Industries Limited,Industrials,Specialty Industrial Machinery,N,Y
GUJGASLTD,Gujarat Gas Limited,Utilities,Utilities - Regulated Gas,N,Y
GUJRAFFIA,Gujarat Raffia Industries Limited,,,N,Y
GUJTHEM,Gujarat Themis Biosyn Limited,Healthcare,Drug Manufacturers - Specialty & Generic,N,Y
GULFOILLUB,Gulf Oil Lubricants India Limited,Basic Materials,Specialty Chemicals,N,Y
GULFPETRO,GP Petroleums Limited,Energy,Oil & Gas Refining & Marketing,N,Y
GULPOLY,Gulshan Polyols Limited,Basic Materials,Chemicals,N,Y
GVKPIL,GVK Power & Infrastructure Limited,Utilities,Utilities - Independent Power Producers,N,Y
GVPIL,GE Power India Limited,Industrials,Engineering & Construction,N,Y
GVPTECH,GVP Infotech Limited,,,N,Y
GVT&D,GE Vernova T&D India Limited,Capital Goods,Specialty Industrial Machinery,N,Y
HAL,Hindustan Aeronautics Limited,Capital Goods,Aerospace & Defense,N,N
HALDER,Halder Venture Limited,Consumer Defensive,Farm Products,N,Y
HALDYNGL,Haldyn Glass Limited,,,N,Y
HALEOSLABS,HALEOS LABS LIMITED,,,N,Y
HAPPSTMNDS,Happiest Minds Technologies Limited,Information Technology,,N,Y
HAPPYFORGE,Happy Forgings Limited,,,N,Y
HARDWYN,Hardwyn India Limited,,,N,Y
HARIOMPIPE,Hariom Pipe Industries Limited,,,N,Y
HARRMALAYA,Harrisons  Malayalam Limited,,,N,Y
HARSHA,Harsha Engineers International Limited,,,N,Y
HATHWAY,Hathway Cable & Datacom Limited,,,N,Y
HATSUN,Hatsun Agro Product Limited,,,N,Y
HAVELLS,Havells India Limited,Consumer Durables,,N,Y
HAVISHA,Sri Havisha Hospitality and Infrastructure Limited,,,N,Y
HAWKINCOOK,Hawkins Cookers Limited,,,N,Y
HBESD,HB Estate Developers Limited,,,N,Y
HBLENGINE,HBL Engineering Limited,Capital Goods,,N,Y
HBSL,HB Stockholdings Limited,,,N,Y
HCC,Hindustan Construction Company Limited,Construction,,N,Y
HCG,Healthcare Global Enterprises Limited,Healthcare,,N,Y
HCL-INSYS,HCL Infosystems Limited,,,N,Y
HCLTECH,HCL Technologies Limited,Information Technology,,N,Y
HDBFS,HDB Financial Services Limited,Financial Services,,N,N
HDFCAMC,HDFC Asset Management Company Limited,Financial Services,,N,N
HDFCBANK,HDFC Bank Limited,Financial Services,,N,N
HDFCLIFE,HDFC Life Insurance Company Limited,Financial Services,,N,N
HDIL,Housing Development and Infrastructure Limited,,,N,Y
HEADSUP,Heads UP Ventures Limited,,,N,Y
HEALTHX,Health X Platform Limited,,,N,Y
HECPROJECT,HEC Infra Projects Limited,,,N,Y
HEG,HEG Limited,Capital Goods,,N,Y
HEIDELBERG,HeidelbergCement India Limited,,,N,Y
HEMIPROP,Hemisphere Properties India Limited,Services,,N,Y
HERANBA,Heranba Industries Limited,,,N,Y
HERITGFOOD,Heritage Foods Limited,Fast Moving Consumer Goods,,N,Y
HEROMOTOCO,Hero MotoCorp Limited,Automobile and Auto Components,,N,Y
HESTERBIO,Hester Biosciences Limited,,,N,Y
HEXATRADEX,Hexa Tradex Limited,,,N,Y
HEXT,Hexaware Technologies Limited,Information Technology,,N,Y
HFCL,HFCL Limited,Telecommunication,,N,Y
HGINFRA,H.G. Infra Engineering Limited,Construction,,N,Y
HGM,HandsOn Global Management (HGM) Limited,,,N,Y
HGS,Hinduja Global Solutions Limited,,,N,Y
HIKAL,Hikal Limited,,,N,Y
HILINFRA,Highway Infrastructure Limited,,,N,Y
HILTON,Hilton Metal Forging Limited,,,N,Y
HIMATSEIDE,Himatsingka Seide Limited,,,N,Y
HINDALCO,Hindalco Industries Limited,Metals & Mining,,N,Y
HINDCOMPOS,Hindustan Composites Limited,,,N,Y
HINDCON,Hindcon Chemicals Limited,,,N,Y
HINDCOPPER,Hindustan Copper Limited,Metals & Mining,,N,Y
HINDOILEXP,Hindustan Oil Exploration Company Limited,,,N,Y
HINDPETRO,Hindustan Petroleum Corporation Limited,Oil Gas & Consumable Fuels,,N,Y
HINDUNILVR,Hindustan Unilever Limited,Fast Moving Consumer Goods,,N,Y
HINDWAREAP,Hindware Home Innovation Limited,,,N,Y
HINDZINC,Hindustan Zinc Limited,Metals & Mining,,N,Y
HIRECT,Hind Rectifiers Limited,,,N,Y
HISARMETAL,Hisar Metal Industries Limited,,,N,Y
HITECH,Hi-Tech Pipes Limited,,,N,Y
HITECHCORP,Hitech Corporation Limited,,,N,Y
HITECHGEAR,The Hi-Tech Gears Limited,,,N,Y
HLEGLAS,HLE Glascoat Limited,,,N,Y
HLVLTD,HLV LIMITED,,,N,Y
HMAAGRO,HMA Agro Industries Limited,,,N,Y
HMT,HMT Limited,,,N,Y
HMVL,Hindustan Media Ventures Limited,,,N,Y
HNDFDS,Hindustan Foods Limited,,,N,Y
HOMEFIRST,Home First Finance Company India Limited,Financial Services,,N,N
HONASA,Honasa Consumer Limited,Fast Moving Consumer Goods,,Y,Y
HONAUT,Honeywell Automation India Limited,Capital Goods,,N,Y
HONDAPOWER,Honda India Power Products Limited,,,N,Y
HPAL,HP Adhesives Limited,,,N,Y
HPIL,Hindprakash Industries Limited,,,N,Y
HPL,HPL Electric & Power Limited,,,N,Y
HSCL,Himadri Speciality Chemical Limited,Chemicals,,N,Y
HTMEDIA,HT Media Limited,,,N,Y
HUBTOWN,Hubtown Limited,,,N,Y
HUDCO,Housing & Urban Development Corporation Limited,Financial Services,,N,N
HUHTAMAKI,Huhtamaki India Limited,,,N,Y
HYBRIDFIN,Hybrid Financial Services Limited,,,N,Y
HYUNDAI,Hyundai Motor India Limited,Automobile and Auto Components,,N,Y
IBULLSLTD,Indiabulls Limited,,,N,Y
ICDSLTD,ICDS Limited,,,N,Y
ICEMAKE,Ice Make Refrigeration Limited,,,N,Y
ICICIAMC,ICICI Prudential Asset Management Company Limited,Financial Services,,N,N
ICICIBANK,ICICI Bank Limited,Financial Services,,N,N
ICICIGI,ICICI Lombard General Insurance Company Limited,Financial Services,,N,N
ICICIPRULI,ICICI Prudential Life Insurance Company Limited,Financial Services,,N,N
ICIL,Indo Count Industries Limited,Textiles,,N,Y
ICRA,ICRA Limited,,,N,Y
IDBI,IDBI Bank Limited,Financial Services,,N,N
IDEA,Vodafone Idea Limited,Telecommunication,,N,Y
IDEAFORGE,Ideaforge Technology Limited,,,N,Y
IDFCFIRSTB,IDFC First Bank Limited,Financial Services,,N,N
IEX,Indian Energy Exchange Limited,Financial Services,,N,N
IFBAGRO,IFB Agro Industries Limited,,,N,Y
IFBIND,IFB Industries Limited,Consumer Durables,,N,Y
IFCI,IFCI Limited,Financial Services,,N,N
IFGLEXPOR,IFGL Refractories Limited,,,N,Y
IGARASHI,Igarashi Motors India Limited,,,N,Y
IGCL,Indogulf Cropsciences Limited,,,N,Y
IGIL,International Gemological Institute Limited,Services,,N,Y
IGL,Indraprastha Gas Limited,Oil Gas & Consumable Fuels,,N,Y
IGPL,IG Petrochemicals Limited,,,N,Y
IIFL,IIFL Finance Limited,Financial Services,,N,N
IIFLCAPS,IIFL Capital Services Limited,Financial Services,,N,N
IITL,Industrial Investment Trust Limited,,,N,Y
IKIO,IKIO Technologies Limited,,,N,Y
IKS,Inventurus Knowledge Solutions Limited,Information Technology,,N,Y
IL&FSENGG,IL&FS Engineering and Construction Company Limited,,,N,Y
IL&FSTRANS,IL&FS Transportation Networks Limited,,,N,Y
IMAGICAA,Imagicaaworld Entertainment Limited,,,N,Y
IMFA,Indian Metals & Ferro Alloys Limited,Metals & Mining,,N,Y
IMPAL,India Motor Parts and Accessories Limited,,,N,Y
IMPEXFERRO,Impex Ferro Tech Limited,,,N,Y
INA,Insolation Energy Limited,,,N,Y
INCREDIBLE,INCREDIBLE INDUSTRIES LIMITED,,,N,Y
INDBANK,Indbank Merchant Banking Services Limited,,,N,Y
INDGN,Indegene Limited,Healthcare,,N,Y
INDHOTEL,The Indian Hotels Company Limited,Consumer Services,,N,Y
INDIACEM,The India Cements Limited,Construction Materials,,N,Y
INDIAGLYCO,India Glycols Limited,Fast Moving Consumer Goods,,N,Y
INDIAMART,Indiamart Intermesh Limited,Consumer Services,,N,Y
INDIANB,Indian Bank,Financial Services,,N,N
INDIANCARD,Indian Card Clothing Company Limited,,,N,Y
INDIANHUME,Indian Hume Pipe Company Limited,,,N,Y
INDIASHLTR,India Shelter Finance Corporation Limited,Financial Services,,N,N
INDIGO,InterGlobe Aviation Limited,Services,,N,Y
INDIGOPNTS,Indigo Paints Limited,Consumer Durables,,N,Y
INDIQUBE,Indiqube Spaces Limited,,,N,Y
INDNIPPON,India Nippon Electricals Limited,,,N,Y
INDOAMIN,Indo Amines Limited,,,N,Y
INDOBORAX,Indo Borax & Chemicals Limited,,,N,Y
INDOCO,Indoco Remedies Limited,,,N,Y
INDOFARM,Indo Farm Equipment Limited,,,N,Y
INDORAMA,Indo Rama Synthetics (India) Limited,,,N,Y
INDOSTAR,IndoStar Capital Finance Limited,,,N,Y
INDOTECH,Indo Tech Transformers Limited,,,N,Y
INDOTHAI,Indo Thai Securities Limited,,,N,Y
INDOUS,Indo Us Biotech Limited,,,N,Y
INDOWIND,Indowind Energy Limited,,,N,Y
INDPRUD,Industrial & Prudential Investment Company Limited,,,N,Y
INDRAMEDCO,Indraprastha Medical Corporation Limited,,,N,Y
INDSWFTLAB,Ind-Swift Laboratories Limited,,,N,Y
INDTERRAIN,Indian Terrain Fashions Limited,,,N,Y
INDUSINDBK,IndusInd Bank Limited,Financial Services,,N,N
INDUSTOWER,Indus Towers Limited,Telecommunication,,Y,Y
INFOBEAN,InfoBeans Technologies Limited,,,N,Y
INFOMEDIA,Infomedia Press Limited,,,N,Y
INFY,Infosys Limited,Information Technology,,Y,Y
INGERRAND,Ingersoll Rand (India) Limited,,,N,Y
INNOVACAP,Innova Captab Limited,,,N,Y
INNOVANA,Innovana Thinklabs Limited,,,N,Y
INNOVISION,Innovision Limited,,,N,Y
INOXGREEN,Inox Green Energy Services Limited,Services,,N,Y
INOXINDIA,INOX India Limited,Capital Goods,,N,Y
INOXWIND,Inox Wind Limited,Capital Goods,,N,Y
INSECTICID,Insecticides (India) Limited,,,N,Y
INSPIRISYS,Inspirisys Solutions Limited,,,N,Y
INTELLECT,Intellect Design Arena Limited,Information Technology,,N,Y
INTENTECH,Intense Technologies Limited,,,N,Y
INTERARCH,Interarch Building Solutions Limited,,,N,Y
INTLCONV,International Conveyors Limited,,,N,Y
INVENTURE,Inventure Growth & Securities Limited,,,N,Y
INVPRECQ,Investment & Precision Castings Limited,,,N,Y
IOB,Indian Overseas Bank,Financial Services,,N,N
IOC,Indian Oil Corporation Limited,Oil Gas & Consumable Fuels,,N,Y
IOLCP,IOL Chemicals and Pharmaceuticals Limited,,,N,Y
IONEXCHANG,ION Exchange (India) Limited,Utilities,,N,Y
IPCALAB,IPCA Laboratories Limited,Healthcare,,N,Y
IPL,India Pesticides Limited,,,N,Y
IRB,IRB Infrastructure Developers Limited,Construction,,N,Y
IRCON,Ircon International Limited,Construction,,N,Y
IRCTC,Indian Railway Catering And Tourism Corporation Limited,Consumer Services,,N,Y
IREDA,Indian Renewable Energy Development Agency Limited,Financial Services,,N,N
IRFC,Indian Railway Finance Corporation Limited,Financial Services,,N,N
IRIS,IRIS RegTech Solutions Limited,,,N,Y
IRISDOREME,Iris Clothings Limited,,,N,Y
IRMENERGY,IRM Energy Limited,,,N,Y
ISFT,Intrasoft Technologies Limited,,,N,Y
ISGEC,Isgec Heavy Engineering Limited,,,N,Y
ISHANCH,Ishan Dyes and Chemicals Limited,,,N,Y
ITC,ITC Limited,Fast Moving Consumer Goods,,N,Y
ITCHOTELS,ITC Hotels Limited,Consumer Services,,N,Y
ITDC,India Tourism Development Corporation Limited,,,N,Y
ITI,ITI Limited,Telecommunication,,N,Y
IVALUE,Ivalue Infosolutions Limited,,,N,Y
IVC,IL&FS Investment Managers Limited,,,N,Y
IVP,IVP Limited,,,N,Y
IWP,The Indian Wood Products Company Limited,,,N,Y
IXIGO,Le Travenues Technology Limited,Consumer Services,,N,Y
IZMO,IZMO Limited,,,N,Y
J&KBANK,The Jammu & Kashmir Bank Limited,Financial Services,,N,N
JAGRAN,Jagran Prakashan Limited,,,N,Y
JAGSNPHARM,Jagsonpal Pharmaceuticals Limited,,,N,Y
JAIBALAJI,Jai Balaji Industries Limited,Metals & Mining,,N,Y
JAICORPLTD,Jai Corp Limited,,,N,Y
JAINREC,Jain Resource Recycling Limited,Metals & Mining,,N,Y
JAIPURKURT,Nandani Creation Limited,,,N,Y
JAMNAAUTO,Jamna Auto Industries Limited,Automobile and Auto Components,,N,Y
JARO,Jaro Institute of Technology Management and Research Limited,,,N,Y
JASH,Jash Engineering Limited,,,N,Y
JAYAGROGN,Jayant Agro Organics Limited,,,N,Y
JAYBARMARU,Jay Bharat Maruti Limited,,,N,Y
JAYKAY,Jaykay Enterprises Limited,,,N,Y
JAYNECOIND,Jayaswal Neco Industries Limited,Capital Goods,,N,Y
JAYSREETEA,Jayshree Tea & Industries Limited,,,N,Y
JBCHEPHARM,JB Chemicals & Pharmaceuticals Limited,Healthcare,,N,Y
JBMA,JBM Auto Limited,Automobile and Auto Components,,N,Y
JETFREIGHT,Jet Freight Logistics Limited,,,N,Y
JGCHEM,J.G.Chemicals Limited,,,N,Y
JHS,JHS Svendgaard Laboratories Limited,,,N,Y
JINDALPHOT,Jindal Photo Limited,,,N,Y
JINDALPOLY,Jindal Poly Films Limited,,,N,Y
JINDALSAW,Jindal Saw Limited,Capital Goods,,N,Y
JINDALSTEL,JINDAL STEEL LIMITED,Metals & Mining,,N,Y
JINDRILL,Jindal Drilling And Industries Limited,,,N,Y
JINDWORLD,Jindal Worldwide Limited,,,N,Y
JIOFIN,Jio Financial Services Limited,Financial Services,,N,N
JISLDVREQS,Jain Irrigation Systems Limited,,,N,Y
JISLJALEQS,Jain Irrigation Systems Limited,,,N,Y
JITFINFRA,JITF Infralogistics Limited,,,N,Y
JKCEMENT,JK Cement Limited,Construction Materials,,N,Y
JKIL,J.Kumar Infraprojects Limited,,,N,Y
JKIPL,Jinkushal Industries Limited,,,N,Y
JKLAKSHMI,JK Lakshmi Cement Limited,Construction Materials,,N,Y
JKPAPER,JK Paper Limited,Forest Materials,,N,Y
JKTYRE,JK Tyre & Industries Limited,Automobile and Auto Components,,N,Y
JLHL,Jupiter Life Line Hospitals Limited,Healthcare,,N,Y
JMA,Jullundur Motor Agency (Delhi) Limited,,,N,Y
JMFINANCIL,JM Financial Limited,Financial Services,,N,N
JNKINDIA,JNK India Limited,,,N,Y
JOCIL,Jocil Limited,,,N,Y
JPOLYINVST,Jindal Poly Investment and Finance Company Limited,,,N,Y
JPPOWER,Jaiprakash Power Ventures Limited,Power,,N,Y
JSFB,Jana Small Finance Bank Limited,Financial Services,,N,N
JSL,Jindal Stainless Limited,Metals & Mining,,N,Y
JSLL,Jeena Sikho Lifecare Limited,Consumer Services,,N,Y
JSWCEMENT,JSW Cement Limited,Construction Materials,,N,Y
JSWDULUX,JSW Dulux Limited,Consumer Durables,,N,Y
JSWENERGY,JSW Energy Limited,Power,,N,Y
JSWHL,JSW Holdings Limited,,,N,Y
JSWINFRA,JSW Infrastructure Limited,Services,,N,Y
JSWSTEEL,JSW Steel Limited,Metals & Mining,,N,Y
JTEKTINDIA,Jtekt India Limited,,,N,Y
JTLIND,JTL INDUSTRIES LIMITED,,,N,Y
JUBLCPL,Jubilant Agri and Consumer Products Limited,,,N,Y
JUBLFOOD,Jubilant Foodworks Limited,Consumer Services,,N,Y
JUBLINGREA,Jubilant Ingrevia Limited,Chemicals,,N,Y
JUBLPHARMA,Jubilant Pharmova Limited,Healthcare,,N,Y
JUNIPER,Juniper Hotels Limited,,,N,Y
JUSTDIAL,Just Dial Limited,Consumer Services,,N,Y
JWL,Jupiter Wagons Limited,Capital Goods,,N,Y
JYOTHYLAB,Jyothy Labs Limited,Fast Moving Consumer Goods,,N,Y
JYOTICNC,Jyoti CNC Automation Limited,Capital Goods,,N,Y
JYOTISTRUC,Jyoti Structures Limited,,,N,Y
KABRAEXTRU,Kabra Extrusion Technik Limited,,,N,Y
KAJARIACER,Kajaria Ceramics Limited,Consumer Durables,,N,Y
KAKATCEM,Kakatiya Cement Sugar & Industries Limited,,,N,Y
KALAMANDIR,Sai Silks (Kalamandir) Limited,,,N,Y
KALPATARU,Kalpataru Limited,,,N,Y
KALYANI,Kalyani Commercials Limited,,,N,Y
KALYANIFRG,Kalyani Forge Limited,,,N,Y
KALYANKJIL,Kalyan Jewellers India Limited,Consumer Durables,,Y,Y
KAMAHOLD,Kama Holdings Limited,,,N,Y
KAMATHOTEL,Kamat Hotels (I) Limited,,,N,Y
KAMDHENU,Kamdhenu Limited,,,N,Y
KAMOPAINTS,Kamdhenu Ventures Limited,,,N,Y
KANANIIND,Kanani Industries Limited,,,N,Y
KANCHI,Kanchi Karpooram Limited,,,N,Y
KANORICHEM,Kanoria Chemicals & Industries Limited,,,N,Y
KANPRPLA,Kanpur Plastipack Limited,,,N,Y
KANSAINER,Kansai Nerolac Paints Limited,Consumer Durables,,N,Y
KAPSTON,Kapston Services Limited,,,N,Y
KARMAENG,Karma Energy Limited,,,N,Y
KARURVYSYA,Karur Vysya Bank Limited,Financial Services,,N,N
KAUSHALYA,Kaushalya Infrastructure Development Corporation Limited,,,N,Y
KAVDEFENCE,Kavveri Defence & Wireless Technologies Limited,,,N,Y
KAYA,Kaya Limited,,,N,Y
KAYNES,Kaynes Technology India Limited,Capital Goods,,N,Y
KCP,KCP Limited,,,N,Y
KCPSUGIND,KCP Sugar and Industries Corporation Limited,,,N,Y
KDDL,KDDL Limited,,,N,Y
KEC,KEC International Limited,Construction,,N,Y
KECL,Kirloskar Electric Company Limited,,,N,Y
KEEPLEARN,DSJ Keep Learning Limited,,,N,Y
KEI,KEI Industries Limited,Capital Goods,,N,Y
KELLTONTEC,Kellton Tech Solutions Limited,,,N,Y
KENNAMET,Kennametal India Limited,,,N,Y
KERNEX,Kernex Microsystems (India) Limited,,,N,Y
KESORAMIND,Kesoram Industries Limited,,,N,Y
KEYFINSERV,Keynote Financial Services Limited,,,N,Y
KFINTECH,Kfin Technologies Limited,Financial Services,,N,N
KHADIM,Khadim India Limited,,,N,Y
KHAICHEM,Khaitan Chemicals & Fertilizers Limited,,,N,Y
KHAITANLTD,Khaitan (India) Limited,,,N,Y
KHANDSE,Khandwala Securities Limited,,,N,Y
KICL,Kalyani Investment Company Limited,,,N,Y
KILITCH,Kilitch Drugs (India) Limited,,,N,Y
KIMS,Krishna Institute of Medical Sciences Limited,Healthcare,,N,Y
KINGFA,Kingfa Science & Technology (India) Limited,,,N,Y
KIOCL,KIOCL Limited,,,N,Y
KIRANVYPAR,Kiran Vyapar Limited,,,N,Y
KIRIINDUS,Kiri Industries Limited,,,N,Y
KIRLFER,Kirloskar Ferrous Industries Limited,,,N,Y
KIRLOSBROS,Kirloskar Brothers Limited,Capital Goods,,N,Y
KIRLOSENG,Kirloskar Oil Engines Limited,Capital Goods,,N,Y
KIRLOSIND,Kirloskar Industries Limited,,,N,Y
KIRLPNU,Kirloskar Pneumatic Company Limited,Capital Goods,,N,Y
KISSHT,OnEMI Technology Solutions Limited,,,N,Y
KITEX,Kitex Garments Limited,Textiles,,N,Y
KKCL,Kewal Kiran Clothing Limited,,,N,Y
KLBRENG-B,Kilburn Engineering Limited,,,N,Y
KMEW,Knowledge Marine & Engineering Works Limited,,,N,Y
KMSUGAR,K.M.Sugar Mills Limited,,,N,Y
KNAGRI,KN Agri Resources Limited,,,N,Y
KNRCON,KNR Constructions Limited,Construction,,N,Y
KOHINOOR,Kohinoor Foods Limited,,,N,Y
KOKUYOCMLN,Kokuyo Camlin Limited,,,N,Y
KOLTEPATIL,Kolte - Patil Developers Limited,,,N,Y
KOPRAN,Kopran Limited,,,N,Y
KOTAKBANK,Kotak Mahindra Bank Limited,Financial Services,,N,N
KOTARISUG,Kothari Sugars And Chemicals Limited,,,N,Y
KOTHARIPET,Kothari Petrochemicals Limited,,,N,Y
KOTHARIPRO,Kothari Products Limited,,,N,Y
KOTIC,Kothari Industrial Corporation Limited,,,N,Y
KOTYARK,Kotyark Industries Limited,,,N,Y
KOVAI,Kovai Medical Center & Hospital Limited,,,N,Y
KPEL,K.P. Energy Limited,,,N,Y
KPIGREEN,KPI Green Energy Limited,Power,,N,Y
KPIL,Kalpataru Projects International Limited,Construction,,N,Y
KPITTECH,KPIT Technologies Limited,Information Technology,,N,Y
KPL,Kwality Pharmaceuticals Limited,,,N,Y
KPRMILL,K.P.R. Mill Limited,Textiles,,N,Y
KRBL,KRBL Limited,Fast Moving Consumer Goods,,N,Y
KREBSBIO,Krebs Biochemicals and Industries Limited,,,N,Y
KRIDHANINF,Kridhan Infra Limited,,,N,Y
KRISHANA,Krishana Phoschem Limited,,,N,Y
KRISHIVAL,Krishival Foods Limited,,,N,Y
KRISHNADEF,Krishna Defence And Allied Industries Limited,,,N,Y
KRITI,Kriti Industries (India) Limited,,,N,Y
KRITIKA,Kritika Wires Limited,,,N,Y
KRITINUT,Kriti Nutrients Limited,,,N,Y
KRN,KRN Heat Exchanger and Refrigeration Limited,Capital Goods,,N,Y
KRONOX,Kronox Lab Sciences Limited,,,N,Y
KROSS,Kross Limited,,,N,Y
KRSNAA,Krsnaa Diagnostics Limited,,,N,Y
KRYSTAL,Krystal Integrated Services Limited,,,N,Y
KSB,Ksb Limited,Capital Goods,,N,Y
KSCL,Kaveri Seed Company Limited,Fast Moving Consumer Goods,,N,Y
KSHINTL,KSH International Limited,,,N,Y
KSHITIJPOL,Kshitij Polyline Limited,,,N,Y
KSL,Kalyani Steels Limited,,,N,Y
KSOLVES,Ksolves India Limited,,,N,Y
KSR,KSR Footwear Limited,,,N,Y
KTKBANK,The Karnataka Bank Limited,Financial Services,,N,N
KUANTUM,Kuantum Papers Limited,,,N,Y
KWIL,Kwality Wall's (India) Limited,,,N,Y
LAGNAM,Lagnam Spintex Limited,,,N,Y
LAHOTIOV,Lahoti Overseas Limited,,,N,Y
LAKPRE,Lakshmi Precision Screws Limited,,,N,Y
LAL,Lorenzini Apparels Limited,,,N,Y
LALPATHLAB,Dr. Lal Path Labs Ltd.,Healthcare,,N,Y
LAMBODHARA,Lambodhara Textiles Limited,,,N,Y
LANCORHOL,Lancor Holdings Limited,,,N,Y
LANDMARK,Landmark Cars Limited,,,N,Y
LANDSMILL,Landsmill Green Limited,,,N,Y
LAOPALA,La Opala RG Limited,,,N,Y
LASA,Lasa Supergenerics Limited,,,N,Y
LATENTVIEW,Latent View Analytics Limited,Information Technology,,N,Y
LATTEYS,Latteys Industries Limited,,,N,Y
LAURUSLABS,Laurus Labs Limited,Healthcare,,N,Y
LAXMICOT,Laxmi Cotspin Limited,,,N,Y
LAXMIDENTL,Laxmi Dental Limited,,,N,Y
LAXMIINDIA,Laxmi India Finance Limited,,,N,Y
LCCINFOTEC,LCC Infotech Limited,,,N,Y
LEMERITE,Le Merite Exports Limited,,,N,Y
LEMONTREE,Lemon Tree Hotels Limited,Consumer Services,,N,Y
LENSKART,Lenskart Solutions Limited,Consumer Services,,N,Y
LEXUS,Lexus Granito (India) Limited,,,N,Y
LFIC,Lakshmi Finance & Industrial Corporation Limited,,,N,Y
LGBBROSLTD,LG Balakrishnan & Bros Limited,,,N,Y
LGEINDIA,LG Electronics India Limited,Consumer Durables,,N,Y
LGHL,Laxmi Goldorna House Limited,,,N,Y
LIBAS,Libas Consumer Products Limited,,,N,Y
LIBERTSHOE,Liberty Shoes Limited,,,N,Y
LICHSGFIN,LIC Housing Finance Limited,Financial Services,,N,N
LICI,Life Insurance Corporation Of India,Financial Services,,N,N
LIKHITHA,Likhitha Infrastructure Limited,,,N,Y
LINC,Linc Limited,,,N,Y
LINCOLN,Lincoln Pharmaceuticals Limited,,,N,Y
LINDEINDIA,Linde India Limited,Chemicals,,N,Y
LLOYDSENGG,LLOYDS ENGINEERING WORKS LIMITED,Capital Goods,,N,Y
LLOYDSENT,Lloyds Enterprises Limited,Metals & Mining,,N,Y
LLOYDSME,Lloyds Metals And Energy Limited,Metals & Mining,,N,Y
LMW,LMW Limited,,,N,Y
LODHA,Lodha Developers Limited,Realty,,N,Y
LOKESHMACH,Lokesh Machines Limited,,,N,Y
LORDSCHLO,Lords Chloro Alkali Limited,,,N,Y
LOTUSDEV,Sri Lotus Developers and Realty Limited,Realty,,N,Y
LOTUSEYE,Lotus Eye Hospital and Institute Limited,,,N,Y
LOVABLE,Lovable Lingerie Limited,,,N,Y
LOYALTEX,Loyal Textile Mills Limited,,,N,Y
LPDC,Landmark Property Development Company Limited,,,N,Y
LT,Larsen & Toubro Limited,Construction,,N,Y
LTF,L&T Finance Limited,Financial Services,,N,N
LTFOODS,LT Foods Limited,Fast Moving Consumer Goods,,N,Y
LTM,LTM Limited,Information Technology,,N,Y
LTTS,L&T Technology Services Limited,Information Technology,,N,Y
LUMAXIND,Lumax Industries Limited,,,N,Y
LUMAXTECH,Lumax Auto Technologies Limited,Automobile and Auto Components,,N,Y
LUPIN,Lupin Limited,Healthcare,,N,Y
LUXIND,Lux Industries Limited,,,N,Y
LXCHEM,Laxmi Organic Industries Limited,Chemicals,,N,Y
LYKALABS,Lyka Labs Limited,,,N,Y
LYPSAGEMS,Lypsa Gems & Jewellery Limited,,,N,Y
M&M,Mahindra & Mahindra Limited,Automobile and Auto Components,,N,Y
M&MFIN,Mahindra & Mahindra Financial Services Limited,Financial Services,,N,N
MAANALU,Maan Aluminium Limited,,,N,Y
MACPOWER,Macpower CNC Machines Limited,,,N,Y
MADHAV,Madhav Marbles and Granites Limited,,,N,Y
MADHAVIPL,Madhav Infra Projects Limited,,,N,Y
MADHUCON,Madhucon Projects Limited,,,N,Y
MADRASFERT,Madras Fertilizers Limited,,,N,Y
MAFATIND,Mafatlal Industries Limited,,,N,Y
MAGADSUGAR,Magadh Sugar & Energy Limited,,,N,Y
MAGNUM,Magnum Ventures Limited,,,N,Y
MAHABANK,Bank of Maharashtra,Financial Services,,N,N
MAHAPEXLTD,Maha Rashtra Apex Corporation Limited,,,N,Y
MAHASTEEL,Mahamaya Steel Industries Limited,,,N,Y
MAHEPC,Mahindra EPC Irrigation Limited,,,N,Y
MAHESHWARI,Maheshwari Logistics Limited,,,N,Y
MAHLIFE,Mahindra Lifespace Developers Limited,,,N,Y
MAHLOG,Mahindra Logistics Limited,,,N,Y
MAHSCOOTER,Maharashtra Scooters Limited,Financial Services,,N,N
MAHSEAMLES,Maharashtra Seamless Limited,Capital Goods,,N,Y
MAITHANALL,Maithan Alloys Limited,,,N,Y
MAJESAUT,Majestic Auto Limited,,,N,Y
MALLCOM,Mallcom (India) Limited,,,N,Y
MALUPAPER,Malu Paper Mills Limited,,,N,Y
MAMATA,Mamata Machinery Limited,,,N,Y
MANAKALUCO,Manaksia Aluminium Company Limited,,,N,Y
MANAKCOAT,Manaksia Coated Metals & Industries Limited,,,N,Y
MANAKSIA,Manaksia Limited,,,N,Y
MANAKSTEEL,Manaksia Steels Limited,,,N,Y
MANALIPETC,Manali Petrochemicals Limited,,,N,Y
MANAPPURAM,Manappuram Finance Limited,Financial Services,,N,N
MANBA,Manba Finance Limited,,,N,Y
MANCREDIT,Mangal Credit and Fincorp Limited,,,N,Y
MANGALAM,Mangalam Drugs And Organics Limited,,,N,Y
MANGLMCEM,Mangalam Cement Limited,,,N,Y
MANINDS,Man Industries (India) Limited,,,N,Y
MANINFRA,Man Infraconstruction Limited,,,N,Y
MANKIND,Mankind Pharma Limited,Healthcare,,N,Y
MANOMAY,Manomay Tex India Limited,,,N,Y
MANORAMA,Manorama Industries Limited,Fast Moving Consumer Goods,,N,Y
MANORG,Mangalam Organics Limited,,,N,Y
MANUGRAPH,Manugraph India Limited,,,N,Y
MANYAVAR,Vedant Fashions Limited,Consumer Services,,N,Y
MAPMYINDIA,C.E. Info Systems Limited,Information Technology,,N,Y
MARALOVER,Maral Overseas Limited,,,N,Y
MARATHON,Marathon Nextgen Realty Limited,,,N,Y
MARICO,Marico Limited,Fast Moving Consumer Goods,,N,Y
MARINE,Marine Electricals (India) Limited,,,N,Y
MARKOLINES,Markolines Pavement Technologies Limited,,,N,Y
MARKSANS,Marksans Pharma Limited,Healthcare,,N,Y
MARSONS,Marsons Limited,,,N,Y
MARUTI,Maruti Suzuki India Limited,Automobile and Auto Components,,N,Y
MASFIN,MAS Financial Services Limited,,,N,Y
MASKINVEST,Mask Investments Limited,,,N,Y
MASTEK,Mastek Limited,Information Technology,,N,Y
MASTERTR,Master Trust Limited,,,N,Y
MATRIMONY,Matrimony.Com Limited,,,N,Y
MAWANASUG,Mawana Sugars Limited,,,N,Y
MAXESTATES,Max Estates Limited,,,N,Y
MAXHEALTH,Max Healthcare Institute Limited,Healthcare,,N,Y
MAXIND,Max India Limited,,,N,Y
MAYURUNIQ,Mayur Uniquoters Ltd,,,N,Y
MAZDA,Mazda Limited,,,N,Y
MAZDOCK,Mazagon Dock Shipbuilders Limited,Capital Goods,,Y,Y
MBAPL,Madhya Bharat Agro Products Limited,,,N,Y
MBEL,M & B Engineering Limited,,,N,Y
MBLINFRA,MBL Infrastructure Limited,,,N,Y
MCCHRLS-B,Mac Charles India Limited,,,N,Y
MCL,Madhav Copper Limited,,,N,Y
MCLEODRUSS,Mcleod Russel India Limited,,,N,Y
MCLOUD,Magellanic Cloud Limited,,,N,Y
MCX,Multi Commodity Exchange of India Limited,Financial Services,,N,N
MEDANTA,Global Health Limited,Healthcare,,N,Y
MEDIASSIST,Medi Assist Healthcare Services Limited,,,N,Y
MEDICAMEQ,Medicamen Biotech Limited,,,N,Y
MEDICO,Medico Remedies Limited,,,N,Y
MEDPLUS,Medplus Health Services Limited,Consumer Services,,N,Y
MEESHO,Meesho Limited,Consumer Services,,N,Y
MEGASTAR,Megastar Foods Limited,,,N,Y
MEIL,Mangal Electrical Industries Limited,,,N,Y
MENNPIS,Menon Pistons Limited,,,N,Y
MENONBE,Menon Bearings Limited,,,N,Y
MEP,MEP Infrastructure Developers Limited,,,N,Y
MERCANTILE,Mercantile Ventures Limited,,,N,Y
METROBRAND,Metro Brands Limited,,,N,Y
METROGLOBL,Metroglobal Limited,,,N,Y
METROPOLIS,Metropolis Healthcare Limited,Healthcare,,N,Y
MFML,Mahalaxmi Fabric Mills Limited,,,N,Y
MFSL,Max Financial Services Limited,Financial Services,,N,N
MGEL,Mangalam Global Enterprise Limited,,,N,Y
MGL,Mahanagar Gas Limited,Oil Gas & Consumable Fuels,,N,Y
MHLXMIRU,Mahalaxmi Rubtech Limited,,,N,Y
MHRIL,Mahindra Holidays & Resorts India Limited,,,N,Y
MICEL,MIC Electronics Limited,,,N,Y
MIDHANI,Mishra Dhatu Nigam Limited,Capital Goods,,N,Y
MIDWESTLTD,Midwest Limited,,,N,Y
MINDACORP,Minda Corporation Limited,Automobile and Auto Components,,N,Y
MINDTECK,Mindteck (India) Limited,,,N,Y
MIRCELECTR,MIRC Electronics Limited,,,N,Y
MIRZAINT,Mirza International Limited,,,N,Y
MITCON,MITCON Consultancy & Engineering Services Limited,,,N,Y
MITTAL,Mittal Life Style Limited,,,N,Y
MKPL,M K Proteins Limited,,,N,Y
MMFL,MM Forgings Limited,,,N,Y
MMP,MMP Industries Limited,,,N,Y
MMTC,MMTC Limited,Services,,N,Y
MMWL,Media Matrix Worldwide Limited,,,N,Y
MOBIKWIK,One Mobikwik Systems Limited,,,N,Y
MODINATUR,Modi Naturals Limited,,,N,Y
MODIRUBBER,Modi Rubber Limited,,,N,Y
MODIS,Modis Navnirman Limited,,,N,Y
MODISONLTD,MODISON LIMITED,,,N,Y
MODTHREAD,Modern Threads (India) Limited,,,N,Y
MOHITIND,Mohit Industries Limited,,,N,Y
MOIL,MOIL Limited,Metals & Mining,,N,Y
MOKSH,Moksh Ornaments Limited,,,N,Y
MOL,Meghmani Organics Limited,,,N,Y
MOLDTECH,Mold-Tek Technologies Limited,,,N,Y
MOLDTKPAC,Mold-Tek Packaging Limited,,,N,Y
MONARCH,Monarch Networth Capital Limited,,,N,Y
MONEYBOXX,Moneyboxx Finance Limited,,,N,Y
MONTECARLO,Monte Carlo Fashions Limited,,,N,Y
MORARJEE,Morarjee Textiles Limited,,,N,Y
MOREPENLAB,Morepen Laboratories Limited,,,N,Y
MOSCHIP,Moschip Technologies Limited,,,N,Y
MOTHERSON,Samvardhana Motherson International Limited,Automobile and Auto Components,,N,Y
MOTILALOFS,Motilal Oswal Financial Services Limited,Financial Services,,N,N
MOTISONS,Motisons Jewellers Limited,,,N,Y
MOTOGENFIN,The Motor & General Finance Limited,,,N,Y
MPHASIS,MphasiS Limited,Information Technology,,N,Y
MPSLTD,MPS Limited,,,N,Y
MRF,MRF Limited,Automobile and Auto Components,,N,Y
MRPL,Mangalore Refinery and Petrochemicals Limited,Oil Gas & Consumable Fuels,,N,Y
MSPL,MSP Steel & Power Limited,,,N,Y
MSTCLTD,Mstc Limited,Services,,N,Y
MSUMI,Motherson Sumi Wiring India Limited,Automobile and Auto Components,,N,Y
MTARTECH,Mtar Technologies Limited,Capital Goods,,N,Y
MTEDUCARE,MT Educare Limited,,,N,Y
MTNL,Mahanagar Telephone Nigam Limited,,,N,Y
MUFIN,Mufin Green Finance Limited,,,N,Y
MUFTI,Credo Brands Marketing Limited,,,N,Y
MUKANDLTD,Mukand Limited,,,N,Y
MUKKA,Mukka Proteins Limited,,,N,Y
MUKTAARTS,Mukta Arts Limited,,,N,Y
MUNJALAU,Munjal Auto Industries Limited,,,N,Y
MUNJALSHOW,Munjal Showa Limited,,,N,Y
MURUDCERA,Murudeshwar Ceramics Limited,,,N,Y
MUTHOOTCAP,Muthoot Capital Services Limited,,,N,Y
MUTHOOTFIN,Muthoot Finance Limited,Financial Services,,N,N
MUTHOOTMF,Muthoot Microfin Limited,,,N,Y
MVGJL,Manoj Vaibhav Gems N Jewellers Limited,,,N,Y
MWL,Mangalam Worldwide Limited,,,N,Y
NACLIND,NACL Industries Limited,,,N,Y
NAGAFERT,Nagarjuna Fertilizers and Chemicals Limited,,,N,Y
NAGREEKCAP,Nagreeka Capital & Infrastructure Limited,,,N,Y
NAGREEKEXP,Nagreeka Exports Limited,,,N,Y
NAHARCAP,Nahar Capital and Financial Services Limited,,,N,Y
NAHARINDUS,Nahar Industrial Enterprises Limited,,,N,Y
NAHARPOLY,Nahar Poly Films Limited,,,N,Y
NAHARSPING,Nahar Spinning Mills Limited,,,N,Y
NAM-INDIA,Nippon Life India Asset Management Limited,Financial Services,,N,N
NARMADA,Narmada Agrobase Limited,,,N,Y
NATCAPSUQ,Natural Capsules Limited,,,N,Y
NATCOPHARM,Natco Pharma Limited,Healthcare,,N,Y
NATHBIOGEN,Nath Bio-Genes (India) Limited,,,N,Y
NATIONALUM,National Aluminium Company Limited,Metals & Mining,,N,Y
NATIONSTD,National Standard (India) Limited,,,N,Y
NAUKRI,Info Edge (India) Limited,Consumer Services,,N,Y
NAVA,NAVA LIMITED,Power,,N,Y
NAVINFLUOR,Navin Fluorine International Limited,Chemicals,,N,Y
NAVKARCORP,Navkar Corporation Limited,,,N,Y
NAVKARURB,Navkar Urbanstructure Limited,,,N,Y
NAVNETEDUL,Navneet Education Limited,,,N,Y
NAZARA,Nazara Technologies Limited,Media Entertainment & Publication,,N,Y
NBCC,NBCC (India) Limited,Construction,,N,Y
NBIFIN,N. B. I. Industrial Finance Company Limited,,,N,Y
NCC,NCC Limited,Construction,,N,Y
NCLIND,NCL Industries Limited,,,N,Y
NDGL,Naga Dhunseri Group Limited,,,N,Y
NDL,Nandan Denim Limited,,,N,Y
NDLVENTURE,NDL Ventures Limited,,,N,Y
NDRAUTO,Ndr Auto Components Limited,,,N,Y
NDTV,New Delhi Television Limited,,,N,Y
NEAGI,Neelamalai Agro Industries Limited,,,N,Y
NECCLTD,North Eastern Carrying Corporation Limited,,,N,Y
NECLIFE,Nectar Lifesciences Limited,,,N,Y
NELCAST,Nelcast Limited,,,N,Y
NELCO,NELCO Limited,,,N,Y
NEOGEN,Neogen Chemicals Limited,Chemicals,,N,Y
NEPHROPLUS,Nephrocare Health Services Limited,,,N,Y
NESCO,Nesco Limited,Services,,N,Y
NESTLEIND,Nestle India Limited,Fast Moving Consumer Goods,,N,Y
NETWEB,Netweb Technologies India Limited,Information Technology,,N,Y
NETWORK18,Network18 Media & Investments Limited,Media Entertainment & Publication,,N,Y
NEULANDLAB,Neuland Laboratories Limited,Healthcare,,N,Y
NEWGEN,Newgen Software Technologies Limited,Information Technology,,N,Y
NEXTMEDIA,Next Mediaworks Limited,,,N,Y
NFL,National Fertilizers Limited,Chemicals,,N,Y
NGIL,Nakoda Group of Industries Limited,,,N,Y
NGLFINE,NGL Fine-Chem Limited,,,N,Y
NH,Narayana Hrudayalaya Ltd.,Healthcare,,N,Y
NHPC,NHPC Limited,Power,,N,Y
NIACL,The New India Assurance Company Limited,Financial Services,,N,N
NIBE,NIBE Limited,,,N,Y
NIBL,NRB Industrial Bearings Limited,,,N,Y
NIITLTD,NIIT Limited,,,N,Y
NIITMTS,NIIT Learning Systems Limited,,,N,Y
NILAINFRA,Nila Infrastructures Limited,,,N,Y
NILASPACES,Nila Spaces Limited,,,N,Y
NILE,Nile Limited,,,N,Y
NILKAMAL,Nilkamal Limited,,,N,Y
NIMBSPROJ,Nimbus Projects Limited,,,N,Y
NINSYS,NINtec Systems Limited,,,N,Y
NIPPOBATRY,Indo-National Limited,,,N,Y
NIRAJ,Niraj Cement Structurals Limited,,,N,Y
NIRAJISPAT,Niraj Ispat Industries Limited,,,N,Y
NIRLON,Nirlon Limited,,,N,Y
NITCO,Nitco Limited,,,N,Y
NITINSPIN,Nitin Spinners Limited,,,N,Y
NITIRAJ,Nitiraj Engineers Limited,,,N,Y
NITTAGELA,Nitta Gelatin India Limited,,,N,Y
NIVABUPA,Niva Bupa Health Insurance Company Limited,Financial Services,,N,N
NKIND,NK Industries Limited,,,N,Y
NLCINDIA,NLC India Limited,Power,,N,Y
NMDC,NMDC Limited,Metals & Mining,,N,Y
NOCIL,NOCIL Limited,,,N,Y
NOIDATOLL,Noida Toll Bridge Company Limited,,,N,Y
NORBTEAEXP,Norben Tea & Exports Limited,,,N,Y
NORTHARC,Northern Arc Capital Limited,,,N,Y
NOVAAGRI,Nova Agritech Limited,,,N,Y
NOVARTIND,Novartis India Limited,,,N,Y
NPST,Network People Services Technologies Limited,,,N,Y
NRAIL,N R Agarwal Industries Limited,,,N,Y
NRBBEARING,NRB Bearing Limited,,,N,Y
NRL,Nupur Recyclers Limited,,,N,Y
NSIL,Nalwa Sons Investments Limited,,,N,Y
NSLNISP,NMDC Steel Limited,Metals & Mining,,N,Y
NTPC,NTPC Limited,Power,,N,Y
NTPCGREEN,NTPC Green Energy Limited,Power,,N,Y
NUCLEUS,Nucleus Software Exports Limited,,,N,Y
NURECA,Nureca Limited,,,N,Y
NUVAMA,Nuvama Wealth Management Limited,Financial Services,,N,N
NUVOCO,Nuvoco Vistas Corporation Limited,Construction Materials,,N,Y
NYKAA,FSN E-Commerce Ventures Limited,Consumer Services,,N,Y
OAL,Oriental Aromatics Limited,,,N,Y
OBCL,Orissa Bengal Carrier Limited,,,N,Y
OBEROIRLTY,Oberoi Realty Limited,Realty,,N,Y
OCCLLTD,OCCL Limited,,,N,Y
ODIGMA,Odigma Consultancy Solutions Limited,,,N,Y
OFSS,Oracle Financial Services Software Limited,Information Technology,,N,Y
OIL,Oil India Limited,Oil Gas & Consumable Fuels,,N,Y
OILCOUNTUB,Oil Country Tubular Limited,,,N,Y
OLAELEC,Ola Electric Mobility Limited,Automobile and Auto Components,,N,Y
OLECTRA,Olectra Greentech Limited,Automobile and Auto Components,,Y,Y
OMAXAUTO,Omax Autos Limited,,,N,Y
OMAXE,Omaxe Limited,,,N,Y
OMFREIGHT,Om Freight Forwarders Limited,,,N,Y
OMINFRAL,OM INFRA LIMITED,,,N,Y
OMNI,Omnitech Engineering Limited,,,N,Y
OMPOWER,Om Power Transmission Limited,,,N,Y
ONELIFECAP,Onelife Capital Advisors Limited,,,N,Y
ONEPOINT,One Point One Solutions Limited,,,N,Y
ONESOURCE,Onesource Specialty Pharma Limited,Healthcare,,N,Y
ONGC,Oil & Natural Gas Corporation Limited,Oil Gas & Consumable Fuels,,N,Y
ONMOBILE,OnMobile Global Limited,,,N,Y
ONWARDTEC,Onward Technologies Limited,,,N,Y
OPTIEMUS,Optiemus Infracom Limited,Telecommunication,,N,Y
ORBTEXP,Orbit Exports Limited,,,N,Y
ORCHASP,Orchasp Limited,,,N,Y
ORCHPHARMA,Orchid Pharma Limited,,,N,Y
ORICONENT,Oricon Enterprises Limited,,,N,Y
ORIENTALTL,Oriental Trimex Limited,,,N,Y
ORIENTBELL,Orient Bell Limited,,,N,Y
ORIENTCEM,Orient Cement Limited,Construction Materials,,N,Y
ORIENTCER,ORIENT CERATECH LIMITED,,,N,Y
ORIENTELEC,Orient Electric Limited,,,N,Y
ORIENTHOT,Oriental Hotels Limited,,,N,Y
ORIENTLTD,Orient Press Limited,,,N,Y
ORIENTPPR,Orient Paper & Industries Limited,,,N,Y
ORIENTTECH,Orient Technologies Limited,,,N,Y
ORISSAMINE,The Orissa Minerals Development Company Limited,,,N,Y
ORKLAINDIA,Orkla India Limited,Fast Moving Consumer Goods,,N,Y
ORTEL,Ortel Communications Limited,,,N,Y
ORTINGLOBE,ORTIN GLOBAL LIMITED,,,N,Y
OSIAHYPER,Osia Hyper Retail Limited,,,N,Y
OSWALAGRO,Oswal Agro Mills Limited,,,N,Y
OSWALGREEN,Oswal Greentech Limited,,,N,Y
OSWALPUMPS,Oswal Pumps Limited,Capital Goods,,N,Y
OSWALSEEDS,ShreeOswal Seeds And Chemicals Limited,,,N,Y
PACEDIGITK,Pace Digitek Limited,,,N,Y
PAGEIND,Page Industries Limited,Textiles,,N,Y
PAISALO,Paisalo Digital Limited,,,N,Y
PAKKA,PAKKA LIMITED,,,N,Y
PALASHSECU,Palash Securities Limited,,,N,Y
PALREDTEC,Palred Technologies Limited,,,N,Y
PANACEABIO,Panacea Biotec Limited,,,N,Y
PANACHE,Panache Digilife Limited,,,N,Y
PANAMAPET,Panama Petrochem Limited,,,N,Y
PANSARI,Pansari Developers Limited,,,N,Y
PAR,Par Drugs And Chemicals Limited,,,N,Y
PARACABLES,Paramount Communications Limited,,,N,Y
PARADEEP,Paradeep Phosphates Limited,Chemicals,,N,Y
PARAGMILK,Parag Milk Foods Limited,,,N,Y
PARAS,Paras Defence and Space Technologies Limited,Capital Goods,,N,Y
PARASPETRO,Paras Petrofils Limited,,,N,Y
PARKHOSPS,Park Medi World Limited,Healthcare,,N,Y
PARKHOTELS,Apeejay Surrendra Park Hotels Limited,,,N,Y
PARSVNATH,Parsvnath Developers Limited,,,N,Y
PASHUPATI,Pashupati Cotspin Limited,,,N,Y
PASUPTAC,Pasupati Acrylon Limited,,,N,Y
PATANJALI,Patanjali Foods Limited,Fast Moving Consumer Goods,,N,Y
PATELENG,Patel Engineering Limited,,,N,Y
PATELRMART,Patel Retail Limited,,,N,Y
PATINTLOG,Patel Integrated Logistics Limited,,,N,Y
PAUSHAKLTD,Paushak Limited,,,N,Y
PAVNAIND,Pavna Industries Limited,,,N,Y
PAYTM,One 97 Communications Limited,Financial Services,,N,N
PCBL,PCBL Chemical Limited,Chemicals,,N,Y
PCJEWELLER,PC Jeweller Limited,Consumer Durables,,Y,Y
PDMJEPAPER,Pudumjee Paper Products Limited,,,N,Y
PDSL,PDS Limited,,,N,Y
PEARLPOLY,Pearl Polymers Limited,,,N,Y
PENIND,Pennar Industries Limited,,,N,Y
PENINLAND,Peninsula Land Limited,,,N,Y
PERSISTENT,Persistent Systems Limited,Information Technology,,Y,Y
PETRONET,Petronet LNG Limited,Oil Gas & Consumable Fuels,,N,Y
PFC,Power Finance Corporation Limited,Financial Services,,N,N
PFIZER,Pfizer Limited,Healthcare,,N,Y
PFOCUS,Prime Focus Limited,Media Entertainment & Publication,,N,Y
PFS,PTC India Financial Services Limited,,,N,Y
PGEL,PG Electroplast Limited,Consumer Durables,,N,Y
PGHH,Procter & Gamble Hygiene and Health Care Limited,,,N,Y
PGHL,Procter & Gamble Health Limited,,,N,Y
PGIL,Pearl Global Industries Limited,Textiles,,N,Y
PHOENIXLTD,The Phoenix Mills Limited,Realty,,N,Y
PICCADIL,Piccadily Agro Industries Limited,Fast Moving Consumer Goods,,N,Y
PIDILITIND,Pidilite Industries Limited,Chemicals,,N,Y
PIGL,Power & Instrumentation (Gujarat) Limited,,,N,Y
PIIND,PI Industries Limited,Chemicals,,N,Y
PILANIINVS,Pilani Investment and Industries Corporation Limited,,,N,Y
PILITA,PIL ITALICA LIFESTYLE LIMITED,,,N,Y
PINELABS,Pine Labs Limited,Financial Services,,N,N
PIONEEREMB,Pioneer Embroideries Limited,,,N,Y
PIONRINV,Pioneer Investcorp Limited,,,N,Y
PIRAMALFIN,Piramal Finance Limited,Financial Services,,N,N
PITTIENG,Pitti Engineering Limited,,,N,Y
PIXTRANS,Pix Transmissions Limited,,,N,Y
PKTEA,The Peria Karamalai Tea & Produce Company Limited,,,N,Y
PLASTIBLEN,Plastiblends India Limited,,,N,Y
PLATIND,Platinum Industries Limited,,,N,Y
PLAZACABLE,Plaza Wires Limited,,,N,Y
PML,Paul Merchants Limited,,,N,Y
PNB,Punjab National Bank,Financial Services,,N,N
PNBGILTS,PNB Gilts Limited,,,N,Y
PNBHOUSING,PNB Housing Finance Limited,Financial Services,,N,N
PNC,Pritish Nandy Communications Limited,,,N,Y
PNCINFRA,PNC Infratech Limited,Construction,,N,Y
PNGJL,P N Gadgil Jewellers Limited,Consumer Durables,,N,Y
PNGSREVA,PNGS Reva Diamond Jewellery Limited,,,N,Y
POCL,Pondy Oxides & Chemicals Limited,,,N,Y
PODDARMENT,Poddar Pigments Limited,,,N,Y
POKARNA,Pokarna Limited,,,N,Y
POLICYBZR,PB Fintech Limited,Financial Services,,N,N
POLYCAB,Polycab India Limited,Capital Goods,,N,Y
POLYMED,Poly Medicure Limited,Healthcare,,N,Y
POLYPLEX,Polyplex Corporation Limited,,,N,Y
PONNIERODE,Ponni Sugars (Erode) Limited,,,N,Y
POONAWALLA,Poonawalla Fincorp Limited,Financial Services,,N,N
POWERGRID,Power Grid Corporation of India Limited,Power,,N,Y
POWERICA,Powerica Limited,,,N,Y
POWERINDIA,Hitachi Energy India Limited,Capital Goods,,N,Y
POWERMECH,Power Mech Projects Limited,Construction,,N,Y
PPAP,PPAP Automotive Limited,,,N,Y
PPL,Prakash Pipes Limited,,,N,Y
PPLPHARMA,Piramal Pharma Limited,Healthcare,,N,Y
PRABHA,Prabha Energy Limited,,,N,Y
PRADPME,Pradeep Metals Limited,,,N,Y
PRAENG,Prajay Engineers Syndicate Limited,,,N,Y
PRAJIND,Praj Industries Limited,Capital Goods,,N,Y
PRAKASH,Prakash Industries Limited,,,N,Y
PRAKASHSTL,Prakash Steelage Limited,,,N,Y
PRAVEG,Praveg Limited,,,N,Y
PRAXIS,Praxis Home Retail Limited,,,N,Y
PRECAM,Precision Camshafts Limited,,,N,Y
PRECOT,Precot Limited,,,N,Y
PRECWIRE,Precision Wires India Limited,,,N,Y
PREMCO,Premco Global Limited,,,N,Y
PREMEXPLN,Premier Explosives Limited,,,N,Y
PREMIER,Premier Limited,,,N,Y
PREMIERENE,Premier Energies Limited,Capital Goods,,N,Y
PREMIERPOL,Premier Polyfilm Limited,,,N,Y
PRESTIGE,Prestige Estates Projects Limited,Realty,,N,Y
PRICOLLTD,Pricol Limited,Automobile and Auto Components,,N,Y
PRIMESECU,Prime Securities Limited,,,N,Y
PRIMO,Primo Chemicals Limited,,,N,Y
PRINCEPIPE,Prince Pipes And Fittings Limited,,,N,Y
PRITI,Priti International Limited,,,N,Y
PRITIKAUTO,Pritika Auto Industries Limited,,,N,Y
PRIVISCL,Privi Speciality Chemicals Limited,Chemicals,,N,Y
PROSTARM,Prostarm Info Systems Limited,,,N,Y
PROTEAN,Protean eGov Technologies Limited,,,N,Y
PROZONER,Prozone Realty Limited,,,N,Y
PRSMJOHNSN,Prism Johnson Limited,Construction Materials,,N,Y
PRUDENT,Prudent Corporate Advisory Services Limited,Financial Services,,N,N
PRUDMOULI,Prudential Sugar Corporation Limited,,,N,Y
PSB,Punjab & Sind Bank,,,N,Y
PSPPROJECT,PSP Projects Limited,,,N,Y
PTC,PTC India Limited,Power,,N,Y
PTCIL,PTC Industries Limited,Capital Goods,,N,Y
PTL,PTL Enterprises Limited,,,N,Y
PUNJABCHEM,Punjab Chemicals & Crop Protection Limited,,,N,Y
PURVA,Puravankara Limited,Realty,,N,Y
PVP,PVP Ventures Limited,,,N,Y
PVRINOX,PVR INOX Limited,Media Entertainment & Publication,,N,Y
PVSL,Popular Vehicles and Services Limited,,,N,Y
PWL,Physicswallah Limited,Consumer Services,,N,Y
PYRAMID,Pyramid Technoplast Limited,,,N,Y
QPOWER,Quality Power Electrical Equipments Limited,Capital Goods,,N,Y
QUADFUTURE,Quadrant Future Tek Limited,,,N,Y
QUESS,Quess Corp Limited,Services,,N,Y
QUICKHEAL,Quick Heal Technologies Limited,,,N,Y
QUINT,Quint Digital Limited,,,N,Y
RACE,Race Eco Chain Limited,,,N,Y
RACLGEAR,RACL Geartech Limited,,,N,Y
RADAAN,Radaan Mediaworks India Limited,,,N,Y
RADHIKAJWE,Radhika Jeweltech Limited,,,N,Y
RADIANTCMS,Radiant Cash Management Services Limited,,,N,Y
RADICO,Radico Khaitan Limited,Fast Moving Consumer Goods,,N,Y
RADIOCITY,Music Broadcast Limited,,,N,Y
RAILTEL,Railtel Corporation Of India Limited,Telecommunication,,N,Y
RAIN,Rain Industries Limited,Chemicals,,N,Y
RAINBOW,Rainbow Childrens Medicare Limited,Healthcare,,N,Y
RAJESHEXPO,Rajesh Exports Limited,,,N,Y
RAJMET,Rajnandini Metal Limited,,,N,Y
RAJOOENG,Rajoo Engineers Limited,,,N,Y
RAJPALAYAM,Rajapalayam Mills Limited,,,N,Y
RAJRATAN,Rajratan Global Wire Limited,,,N,Y
RAJRILTD,Raj Rayon Industries Limited,,,N,Y
RAJSREESUG,Rajshree Sugars & Chemicals Limited,,,N,Y
RAJTV,Raj Television Network Limited,,,N,Y
RALLIS,Rallis India Limited,Chemicals,,N,Y
RAMANEWS,Shree Rama Newsprint Limited,,,N,Y
RAMAPHO,Rama Phosphates Limited,,,N,Y
RAMASTEEL,Rama Steel Tubes Limited,,,N,Y
RAMCOCEM,The Ramco Cements Limited,Construction Materials,,N,Y
RAMCOIND,Ramco Industries Limited,,,N,Y
RAMCOSYS,Ramco Systems Limited,,,N,Y
RAMKY,Ramky Infrastructure Limited,,,N,Y
RAMRAT,Ram Ratna Wires Limited,,,N,Y
RANASUG,Rana Sugars Limited,,,N,Y
RANEHOLDIN,Rane Holdings Limited,,,N,Y
RATEGAIN,Rategain Travel Technologies Limited,Information Technology,,N,Y
RATNAMANI,Ratnamani Metals & Tubes Limited,Capital Goods,,N,Y
RATNAVEER,Ratnaveer Precision Engineering Limited,,,N,Y
RAYMOND,Raymond Limited,,,N,Y
RAYMONDLSL,Raymond Lifestyle Limited,Textiles,,N,Y
RAYMONDREL,Raymond Realty Limited,,,N,Y
RBA,Restaurant Brands Asia Limited,Consumer Services,,N,Y
RBLBANK,RBL Bank Limited,Financial Services,,N,N
RBZJEWEL,RBZ Jewellers Limited,,,N,Y
RCF,Rashtriya Chemicals and Fertilizers Limited,Chemicals,,N,Y
RCOM,Reliance Communications Limited,,,N,Y
RECLTD,REC Limited,Financial Services,,N,N
REDINGTON,Redington Limited,Services,,N,Y
REDTAPE,Redtape Limited,Consumer Durables,,N,Y
REFEX,Refex Industries Limited,Chemicals,,N,Y
REGAAL,Regaal Resources Limited,,,N,Y
REGENCERAM,Regency Ceramics Limited,,,N,Y
RELAXO,Relaxo Footwears Limited,Consumer Durables,,N,Y
RELCHEMQ,Reliance Chemotex Industries Limited,,,N,Y
RELIABLE,Reliable Data Services Limited,,,N,Y
RELIANCE,Reliance Industries Limited,Oil Gas & Consumable Fuels,,N,Y
RELIGARE,Religare Enterprises Limited,Financial Services,,N,N
RELTD,Ravindra Energy Limited,,,N,Y
REMSONSIND,Remsons Industries Limited,,,N,Y
RENUKA,Shree Renuka Sugars Limited,Fast Moving Consumer Goods,,N,Y
REPCOHOME,Repco Home Finance Limited,,,N,Y
REPL,Rudrabhishek Enterprises Limited,,,N,Y
REPRO,Repro India Limited,,,N,Y
RESPONIND,Responsive Industries Limited,,,N,Y
RETAIL,JHS Svendgaard Retail Ventures Limited,,,N,Y
RGL,Renaissance Global Limited,,,N,Y
RHETAN,Rhetan TMT Limited,,,N,Y
RHFL,Reliance Home Finance Limited,,,N,Y
RHIM,RHI MAGNESITA INDIA LIMITED,Capital Goods,,N,Y
RHL,Robust Hotels Limited,,,N,Y
RICOAUTO,Rico Auto Industries Limited,,,N,Y
RIIL,Reliance Industrial Infrastructure Limited,,,N,Y
RISHABH,Rishabh Instruments Limited,,,N,Y
RITCO,Ritco Logistics Limited,,,N,Y
RITES,RITES Limited,Construction,,N,Y
RKDL,Ravi Kumar Distilleries Limited,,,N,Y
RKEC,RKEC Projects Limited,,,N,Y
RKFORGE,Ramkrishna Forgings Limited,Automobile and Auto Components,,N,Y
RKSWAMY,R K Swamy Limited,,,N,Y
RMC,RMC Switchgears Limited,,,N,Y
RMDRIP,R M Drip and Sprinklers Systems Limited,,,N,Y
RML,Rane (Madras) Limited,,,N,Y
RNBDENIMS,R&B Denims Limited,,,N,Y
ROHLTD,Royal Orchid Hotels Limited,,,N,Y
ROLEXRINGS,Rolex Rings Limited,,,N,Y
ROLLT,Rollatainers Limited,,,N,Y
ROML,Raj Oil Mills Limited,,,N,Y
ROSSARI,Rossari Biotech Limited,,,N,Y
ROSSELLIND,Rossell India Limited,,,N,Y
ROSSTECH,Rossell Techsys Limited,,,N,Y
ROTO,Roto Pumps Limited,,,N,Y
ROUTE,ROUTE MOBILE LIMITED,Telecommunication,,N,Y
RPEL,Raghav Productivity Enhancers Limited,,,N,Y
RPGLIFE,RPG Life Sciences Limited,,,N,Y
RPOWER,Reliance Power Limited,Power,,N,Y
RPPINFRA,R.P.P. Infra Projects Limited,,,N,Y
RPPL,Rajshree Polypack Limited,,,N,Y
RPSGVENT,RPSG VENTURES LIMITED,,,N,Y
RPTECH,Rashi Peripherals Limited,,,N,Y
RRIL,RRIL Limited,,,N,Y
RRKABEL,R R Kabel Limited,Capital Goods,,N,Y
RSDFIN,RSD Finance Limited,,,N,Y
RSL,Rajputana Stainless Limited,,,N,Y
RSSOFTWARE,R. S. Software (India) Limited,,,N,Y
RSWM,RSWM Limited,,,N,Y
RSYSTEMS,R Systems International Limited,,,N,Y
RTNINDIA,RattanIndia Enterprises Limited,Consumer Services,,N,Y
RTNPOWER,RattanIndia Power Limited,Power,,N,Y
RUBFILA,Rubfila International Limited,,,N,Y
RUBICON,Rubicon Research Limited,Healthcare,,N,Y
RUBYMILLS,The Ruby Mills Limited,,,N,Y
RUCHINFRA,Ruchi Infrastructure Limited,,,N,Y
RUCHIRA,Ruchira Papers Limited,,,N,Y
RUDRA,Rudra Global Infra Products Limited,,,N,Y
RUPA,Rupa & Company Limited,,,N,Y
RUSHIL,Rushil Decor Limited,,,N,Y
RUSTOMJEE,Keystone Realtors Limited,,,N,Y
RVHL,Ravinder Heights Limited,,,N,Y
RVNL,Rail Vikas Nigam Limited,Construction,,N,Y
RVTH,Revathi Equipment India Limited,,,N,Y
S&SPOWER,S&S Power Switchgears Limited,,,N,Y
SAATVIKGL,Saatvik Green Energy Limited,Capital Goods,,N,Y
SADBHAV,Sadbhav Engineering Limited,,,N,Y
SADBHIN,Sadbhav Infrastructure Project Limited,,,N,Y
SADHNANIQ,Sadhana Nitrochem Limited,,,N,Y
SAFARI,Safari Industries (India) Limited,Consumer Durables,,N,Y
SAGARDEEP,Sagardeep Alloys Limited,,,N,Y
SAGCEM,Sagar Cements Limited,,,N,Y
SAGILITY,SAGILITY LIMITED,Information Technology,,N,Y
SAHLIBHFI,Shalibhadra Finance Limited,,,N,Y
SAHYADRI,Sahyadri Industries Limited,,,N,Y
SAIL,Steel Authority of India Limited,Metals & Mining,,N,Y
SAILIFE,Sai Life Sciences Limited,Healthcare,,N,Y
SAIPARENT,Sai Parenterals Limited,,,N,Y
SAKAR,Sakar Healthcare Limited,,,N,Y
SAKHTISUG,Sakthi Sugars Limited,,,N,Y
SAKSOFT,Saksoft Limited,,,N,Y
SAKUMA,Sakuma Exports Limited,,,N,Y
SALASAR,Salasar Techno Engineering Limited,,,N,Y
SALONA,Salona Cotspin Limited,,,N,Y
SALSTEEL,S.A.L. Steel Limited,,,N,Y
SALZERELEC,Salzer Electronics Limited,,,N,Y
SAMBHAAV,Sambhaav Media Limited,,,N,Y
SAMBHV,Sambhv Steel Tubes Limited,,,N,Y
SAMHI,Samhi Hotels Limited,Consumer Services,,N,Y
SAMMAANCAP,Sammaan Capital Limited,Financial Services,,N,N
SAMPANN,Sampann Utpadan India Limited,,,N,Y
SANATHAN,Sanathan Textiles Limited,,,N,Y
SANCO,Sanco Industries Limited,,,N,Y
SANDESH,The Sandesh Limited,,,N,Y
SANDHAR,Sandhar Technologies Limited,,,N,Y
SANDUMA,Sandur Manganese & Iron Ores Limited,Oil Gas & Consumable Fuels,,N,Y
SANGAMIND,Sangam (India) Limited,,,N,Y
SANGHVIMOV,Sanghvi Movers Limited,,,N,Y
SANGINITA,Sanginita Chemicals Limited,,,N,Y
SANOFI,Sanofi India Limited,,,N,Y
SANOFICONR,Sanofi Consumer Healthcare India Limited,Healthcare,,N,Y
SANSERA,Sansera Engineering Limited,Automobile and Auto Components,,N,Y
SANSTAR,Sanstar Limited,,,N,Y
SANWARIA,Sanwaria Consumer Limited,,,N,Y
SAPPHIRE,Sapphire Foods India Limited,Consumer Services,,N,Y
SAPPL,Shree Ajit Pulp & Paper Limited,,,N,Y
SARDAEN,Sarda Energy & Minerals Limited,Metals & Mining,,N,Y
SAREGAMA,Saregama India Limited,Media Entertainment & Publication,,N,Y
SARLAPOLY,Sarla Performance Fibers Limited,,,N,Y
SARVESHWAR,Sarveshwar Foods Limited,,,N,Y
SASKEN,Sasken Technologies Limited,,,N,Y
SATIA,Satia Industries Limited,,,N,Y
SATIN,Satin Creditcare Network Limited,,,N,Y
SAURASHCEM,Saurashtra Cement Limited,,,N,Y
SAYAJIHOTL,Sayaji Hotels Limited,,,N,Y
SBC,SBC Exports Limited,,,N,Y
SBCL,Shivalik Bimetal Controls Limited,,,N,Y
SBFC,SBFC Finance Limited,Financial Services,,N,N
SBGLP,Suratwwala Business Group Limited,,,N,Y
SBICARD,SBI Cards and Payment Services Limited,Financial Services,,N,N
SBILIFE,SBI Life Insurance Company Limited,Financial Services,,N,N
SBIN,State Bank of India,Financial Services,,N,N
SCANSTL,Scan Steels Limited,,,N,Y
SCHAEFFLER,Schaeffler India Limited,Automobile and Auto Components,,N,Y
SCHAND,S Chand And Company Limited,,,N,Y
SCHNEIDER,Schneider Electric Infrastructure Limited,Capital Goods,,N,Y
SCI,Shipping Corporation Of India Limited,Services,,N,Y
SCILAL,Shipping Corporation of India Land and Assets Limited,,,N,Y
SCODATUBES,Scoda Tubes Limited,,,N,Y
SCPL,Sheetal Cool Products Limited,,,N,Y
SDBL,Som Distilleries & Breweries Limited,,,N,Y
SEAMECLTD,Seamec Limited,,,N,Y
SECMARK,SecMark Consultancy Limited,,,N,Y
SECURKLOUD,SECUREKLOUD TECHNOLOGIES LIMITED,,,N,Y
SEDEMAC,SEDEMAC Mechatronics Limited,,,N,Y
SEIL,Shanti Educational Initiatives Limited,,,N,Y
SEJALLTD,Sejal Glass Limited,,,N,Y
SELMC,SEL Manufacturing Company Limited,,,N,Y
SEMAC,Semac Construction Limited,,,N,Y
SENCO,Senco Gold Limited,Consumer Durables,,N,Y
SENORES,Senores Pharmaceuticals Limited,,,N,Y
SEPC,SEPC Limited,,,N,Y
SERVOTECH,Servotech Renewable Power System Limited,,,N,Y
SESHAPAPER,Seshasayee Paper and Boards Limited,,,N,Y
SETCO,Setco Automotive Limited,,,N,Y
SETL,Standard Engineering Technology Limited,,,N,Y
SEYAIND,Seya Industries Limited,,,N,Y
SFL,Sheela Foam Limited,Consumer Durables,,N,Y
SGFIN,SG Finserve Limited,,,N,Y
SGIL,Synergy Green Industries Limited,,,N,Y
SGL,STL Global Limited,,,N,Y
SGMART,SG Mart Limited,,,N,Y
SHADOWFAX,Shadowfax Technologies Limited,,,N,Y
SHAH,Shah Metacorp Limited,,,N,Y
SHAHALLOYS,Shah Alloys Limited,,,N,Y
SHAILY,Shaily Engineering Plastics Limited,Consumer Durables,,N,Y
SHAKTIPUMP,Shakti Pumps (India) Limited,Capital Goods,,N,Y
SHALBY,Shalby Limited,,,N,Y
SHALPAINTS,Shalimar Paints Limited,,,N,Y
SHANKARA,Shankara Building Products Limited,,,N,Y
SHANTI,Shanti Overseas (India) Limited,,,N,Y
SHANTIGEAR,Shanthi Gears Limited,,,N,Y
SHANTIGOLD,Shanti Gold International Limited,,,N,Y
SHARDACROP,Sharda Cropchem Limited,Chemicals,,N,Y
SHARDAMOTR,Sharda Motor Industries Limited,,,N,Y
SHARDUL,Shardul Securities Limited,,,N,Y
SHAREINDIA,Share India Securities Limited,Financial Services,,N,N
SHBAJRG,Shri Bajrang Alliance Limited,,,N,Y
SHEKHAWATI,Shekhawati Industries Limited,,,N,Y
SHEMAROO,Shemaroo Entertainment Limited,,,N,Y
SHILCTECH,Shilchar Technologies Limited,,,N,Y
SHILPAMED,Shilpa Medicare Limited,Healthcare,,N,Y
SHINDL,Sharat Industries Limited,,,N,Y
SHIVALIK,Shivalik Rasayan Limited,,,N,Y
SHIVAMAUTO,Shivam Autotech Limited,,,N,Y
SHIVAMILLS,Shiva Mills Limited,,,N,Y
SHIVATEX,Shiva Texyarn Limited,,,N,Y
SHIVAUM,Shiv Aum Steels Limited,,,N,Y
SHK,S H Kelkar and Company Limited,,,N,Y
SHOPERSTOP,Shoppers Stop Limited,,,N,Y
SHRADHA,Shradha Realty Limited,,,N,Y
SHREDIGCEM,Shree Digvijay Cement Co.Ltd,,,N,Y
SHREECEM,SHREE CEMENT LIMITED,Construction Materials,,N,Y
SHREEJISPG,Shreeji Shipping Global Limited,,,N,Y
SHREEPUSHK,Shree Pushkar Chemicals & Fertilisers Limited,,,N,Y
SHREERAMA,Shree Rama Multi-Tech Limited,,,N,Y
SHRENIK,Shrenik Limited,,,N,Y
SHREYANIND,Shreyans Industries Limited,,,N,Y
SHRIKRISH,Shri Krishna Devcon Limited,,,N,Y
SHRINGARMS,Shringar House of Mangalsutra Limited,,,N,Y
SHRIPISTON,Shriram Pistons & Rings Limited,Automobile and Auto Components,,N,Y
SHRIRAMFIN,Shriram Finance Limited,Financial Services,,N,N
SHRIRAMPPS,Shriram Properties Limited,,,N,Y
SHYAMCENT,Shyam Century Ferrous Limited,,,N,Y
SHYAMMETL,Shyam Metalics and Energy Limited,Capital Goods,,N,Y
SHYAMTEL,Shyam Telecom Limited,,,N,Y
SICAGEN,Sicagen India Limited,,,N,Y
SICALLOG,Sical Logistics Limited,,,N,Y
SIEMENS,Siemens Limited,Capital Goods,,N,Y
SIGACHI,Sigachi Industries Limited,,,N,Y
SIGIND,Signet Industries Limited,,,N,Y
SIGMA,Sigma Solve Limited,,,N,Y
SIGMAADV,SIGMA ADVANCED SYSTEMS LIMITED,,,N,Y
SIGNATURE,Signatureglobal (India) Limited,Realty,,N,Y
SIGNPOST,Signpost India Limited,,,N,Y
SIKA,Sika Interplant Systems Limited,,,N,Y
SIKKO,Sikko Industries Limited,,,N,Y
SIL,Standard Industries Limited,,,N,Y
SILGO,Silgo Retail Limited,,,N,Y
SILINV,SIL Investments Limited,,,N,Y
SILLYMONKS,Silly Monks Entertainment Limited,,,N,Y
SILVERTUC,Silver Touch Technologies Limited,,,N,Y
SIMPLEXINF,Simplex Infrastructures Limited,,,N,Y
SINCLAIR,Sinclairs Hotels Limited,,,N,Y
SINDHUTRAD,Sindhu Trade Links Limited,,,N,Y
SINGERIND,Singer India Limited,,,N,Y
SINTERCOM,Sintercom India Limited,,,N,Y
SIRCA,Sirca Paints India Limited,,,N,Y
SIS,SIS LIMITED,,,N,Y
SITINET,Siti Networks Limited,,,N,Y
SIYSIL,Siyaram Silk Mills Limited,,,N,Y
SJS,S.J.S. Enterprises Limited,,,N,Y
SJVN,SJVN Limited,Power,,N,Y
SKFINDIA,SKF India Limited,Automobile and Auto Components,,N,Y
SKFINDUS,SKF India (Industrial) Limited,Capital Goods,,N,Y
SKIPPER,Skipper Limited,Capital Goods,,N,Y
SKMEGGPROD,SKM Egg Products Export (India) Limited,,,N,Y
SKYGOLD,SKY GOLD AND DIAMONDS LIMITED,Consumer Durables,,N,Y
SMARTLINK,Smartlink Holdings Limited,,,N,Y
SMARTWORKS,Smartworks Coworking Spaces Limited,Services,,N,Y
SMCGLOBAL,SMC Global Securities Limited,,,N,Y
SMLMAH,SML Mahindra Limited,Capital Goods,,N,Y
SMLT,Sarthak Metals Limited,,,N,Y
SMSPHARMA,SMS Pharmaceuticals Limited,,,N,Y
SNOWMAN,Snowman Logistics Limited,,,N,Y
SOBHA,Sobha Limited,Realty,,N,Y
SOFTTECH,Softtech Engineers Limited,,,N,Y
SOLARA,Solara Active Pharma Sciences Limited,,,N,Y
SOLARINDS,Solar Industries India Limited,Chemicals,,N,Y
SOLARWORLD,Solarworld Energy Solutions Limited,,,N,Y
SOLEX,Solex Energy Limited,,,N,Y
SOMANYCERA,Somany Ceramics Limited,,,N,Y
SOMATEX,Soma Textiles & Industries Limited,,,N,Y
SOMICONVEY,Somi Conveyor Beltings Limited,,,N,Y
SONACOMS,Sona BLW Precision Forgings Limited,Automobile and Auto Components,,N,Y
SONAL,Sonal Mercantile Limited,,,N,Y
SONAMLTD,SONAM LIMITED,,,N,Y
SONATSOFTW,Sonata Software Limited,Information Technology,,N,Y
SOTL,Savita Oil Technologies Limited,,,N,Y
SOUTHBANK,The South Indian Bank Limited,Financial Services,,N,N
SOUTHWEST,South West Pinnacle Exploration Limited,,,N,Y
SPAL,S. P. Apparels Limited,,,N,Y
SPANDANA,Spandana Sphoorty Financial Limited,,,N,Y
SPARC,Sun Pharma Advanced Research Company Limited,Healthcare,,N,Y
SPCENET,Spacenet Enterprises India Limited,,,N,Y
SPECIALITY,Speciality Restaurants Limited,,,N,Y
SPECTRUM,Spectrum Electrical Industries Limited,,,N,Y
SPENCERS,Spencer's Retail Limited,,,N,Y
SPIC,Southern Petrochemicals Industries Corporation  Limited,,,N,Y
SPLIL,SPL Industries Limited,,,N,Y
SPLPETRO,Supreme Petrochem Limited,Chemicals,,N,Y
SPMLINFRA,SPML Infra Limited,,,N,Y
SPORTKING,Sportking India Limited,,,N,Y
SRD,Shankar Lal Rampal Dye-Chem Limited,,,N,Y
SREEL,Sreeleathers Limited,,,N,Y
SRF,SRF Limited,Chemicals,,N,Y
SRGHFL,SRG Housing Finance Limited,,,N,Y
SRHHYPOLTD,Sree Rayalaseema Hi-Strength Hypo Limited,,,N,Y
SRM,SRM Contractors Limited,,,N,Y
SRTL,Shree Ram Twistex Limited,,,N,Y
SSDL,Saraswati Saree Depot Limited,,,N,Y
SSWL,Steel Strips Wheels Limited,,,N,Y
STALLION,Stallion India Fluorochemicals Limited,,,N,Y
STANLEY,Stanley Lifestyles Limited,,,N,Y
STAR,Strides Pharma Science Limited,Healthcare,,N,Y
STARCEMENT,Star Cement Limited,Construction Materials,,N,Y
STARHEALTH,Star Health and Allied Insurance Company Limited,Financial Services,,N,N
STARPAPER,Star Paper Mills Limited,,,N,Y
STARTECK,Starteck Finance Limited,,,N,Y
STCINDIA,The State Trading Corporation of India Limited,,,N,Y
STEELCAS,Steelcast Limited,,,N,Y
STEELCITY,Steel City Securities Limited,,,N,Y
STEELXIND,STEEL EXCHANGE INDIA LIMITED,,,N,Y
STEL,Stel Holdings Limited,,,N,Y
STERTOOLS,Sterling Tools Limited,,,N,Y
STLNETWORK,STL Networks Limited,,,N,Y
STLTECH,Sterlite Technologies Limited,Telecommunication,,N,Y
STOVEKRAFT,Stove Kraft Limited,,,N,Y
STUDDS,Studds Accessories Limited,,,N,Y
STYL,Seshaasai Technologies Limited,Financial Services,,N,N
STYLAMIND,Stylam Industries Limited,,,N,Y
STYLEBAAZA,Baazar Style Retail Limited,,,N,Y
STYRENIX,Styrenix Performance Materials Limited,Chemicals,,N,Y
SUBEXLTD,Subex Limited,,,N,Y
SUBROS,Subros Limited,Capital Goods,,N,Y
SUDARCOLOR,Sudarshan Colorants India Limited,,,N,Y
SUDARSCHEM,Sudarshan Chemical Industries Limited,Chemicals,,N,Y
SUDEEPPHRM,Sudeep Pharma Limited,Chemicals,,N,Y
SUKHJITS,Sukhjit Starch & Chemicals Limited,,,N,Y
SULA,Sula Vineyards Limited,,,N,Y
SUMEETINDS,Sumeet Industries Limited,,,N,Y
SUMICHEM,Sumitomo Chemical India Limited,Chemicals,,N,Y
SUMIT,Sumit Woods Limited,,,N,Y
SUMMITSEC,Summit Securities Limited,,,N,Y
SUNCLAY,Sundaram Clayton Limited,,,N,Y
SUNDARAM,Sundaram Multi Pap Limited,,,N,Y
SUNDARMFIN,Sundaram Finance Limited,Financial Services,,N,N
SUNDRMBRAK,Sundaram Brake Linings Limited,,,N,Y
SUNDRMFAST,Sundram Fasteners Limited,,,N,Y
SUNDROP,Sundrop Brands Limited,,,N,Y
SUNFLAG,Sunflag Iron And Steel Company Limited,,,N,Y
SUNPHARMA,Sun Pharmaceutical Industries Limited,Healthcare,,N,Y
SUNTECK,Sunteck Realty Limited,Realty,,N,Y
SUNTV,Sun TV Network Limited,Media Entertainment & Publication,,N,Y
SUPERHOUSE,Superhouse Limited,,,N,Y
SUPERSPIN,Super Spinning Mills Limited,,,N,Y
SUPRAJIT,Suprajit Engineering Limited,,,N,Y
SUPREME,Supreme Holdings & Hospitality (India) Limited,,,N,Y
SUPREMEENG,Supreme Engineering Limited,,,N,Y
SUPREMEIND,Supreme Industries Limited,Capital Goods,,N,Y
SUPREMEINF,Supreme Infrastructure India Limited,,,N,Y
SUPRIYA,Supriya Lifescience Limited,Healthcare,,N,Y
SURAJEST,Suraj Estate Developers Limited,,,N,Y
SURAJLTD,Suraj Limited,,,N,Y
SURAKSHA,Suraksha Diagnostic Limited,,,N,Y
SURANASOL,Surana Solar Limited,,,N,Y
SURANAT&P,Surana Telecom and Power Limited,,,N,Y
SURYALA,Suryalata Spinning Mills Limited,,,N,Y
SURYALAXMI,Suryalakshmi Cotton Mills Limited,,,N,Y
SURYAROSNI,Surya Roshni Limited,Capital Goods,,N,Y
SURYODAY,Suryoday Small Finance Bank Limited,,,N,Y
SUTLEJTEX,Sutlej Textiles and Industries Limited,,,N,Y
SUVEN,Suven Life Sciences Limited,,,N,Y
SUVIDHAA,Suvidhaa Infoserve Limited,,,N,Y
SUYOG,Suyog Telematics Limited,,,N,Y
SUZLON,Suzlon Energy Limited,Capital Goods,,N,Y
SVLL,Shree Vasu Logistics Limited,,,N,Y
SVPGLOB,SVP GLOBAL TEXTILES LIMITED,,,N,Y
SWANCORP,SWAN CORP LIMITED,Chemicals,,N,Y
SWANDEF,Swan Defence and Heavy Industries Limited,,,N,Y
SWARAJENG,Swaraj Engines Limited,,,N,Y
SWELECTES,Swelect Energy Systems Limited,,,N,Y
SWIGGY,Swiggy Limited,Consumer Services,,N,Y
SWSOLAR,Sterling and Wilson Renewable Energy Limited,Construction,,N,Y
SYMPHONY,Symphony Limited,,,N,Y
SYNCOMF,Syncom Formulations (India) Limited,,,N,Y
SYNGENE,Syngene International Limited,Healthcare,,N,Y
SYRMA,Syrma SGS Technology Limited,Capital Goods,,N,Y
SYSTMTXC,Systematix Corporate Services Limited,,,N,Y
TAALTECH,Taal Tech Limited,,,N,Y
TAINWALCHM,Tainwala Chemical and Plastic (I) Limited,,,N,Y
TAJGVK,Taj GVK Hotels & Resorts Limited,,,N,Y
TAKE,Take Solutions Limited,,,N,Y
TALBROAUTO,Talbros Automotive Components Limited,,,N,Y
TAMBOLIIN,Tamboli Industries Limited,,,N,Y
TANLA,Tanla Platforms Limited,Information Technology,,N,Y
TARACHAND,Tara Chand InfraLogistic Solutions Limited,,,N,Y
TARAPUR,Tarapur Transformers Limited,,,N,Y
TARC,TARC Limited,Realty,,N,Y
TARIL,Transformers And Rectifiers (India) Limited,Capital Goods,,N,Y
TARMAT,Tarmat Limited,,,N,Y
TARSONS,Tarsons Products Limited,,,N,Y
TASTYBITE,Tasty Bite Eatables Limited,,,N,Y
TATACAP,Tata Capital Limited,Financial Services,,N,N
TATACHEM,Tata Chemicals Limited,Chemicals,,N,Y
TATACOMM,Tata Communications Limited,Telecommunication,,N,Y
TATACONSUM,TATA CONSUMER PRODUCTS LIMITED,Fast Moving Consumer Goods,,N,Y
TATAELXSI,Tata Elxsi Limited,Information Technology,,N,Y
TATAINVEST,Tata Investment Corporation Limited,Financial Services,,N,N
TATAPOWER,Tata Power Company Limited,Power,,N,Y
TATASTEEL,Tata Steel Limited,Metals & Mining,,N,Y
TATATECH,Tata Technologies Limited,Information Technology,,N,Y
TATVA,Tatva Chintan Pharma Chem Limited,,,N,Y
TBOTEK,TBO Tek Limited,Consumer Services,,N,Y
TBZ,Tribhovandas Bhimji Zaveri Limited,,,Y,Y
TCC,TCC Concept Limited,,,N,Y
TCI,Transport Corporation of India Limited,,,N,Y
TCIEXP,TCI Express Limited,,,N,Y
TCIFINANCE,TCI Finance Limited,,,N,Y
TCPLPACK,TCPL Packaging Limited,,,N,Y
TCS,Tata Consultancy Services Limited,Information Technology,,N,Y
TDPOWERSYS,TD Power Systems Limited,Capital Goods,,N,Y
TEAMGTY,Team India Guaranty Limited,,,N,Y
TEAMLEASE,Teamlease Services Limited,,,N,Y
TECHM,Tech Mahindra Limited,Information Technology,,N,Y
TECHNOE,Techno Electric & Engineering Company Limited,Construction,,N,Y
TECHNVISN,TechNVision Ventures Limited,,,N,Y
TECILCHEM,TECIL Chemicals and Hydro Power Limited,,,N,Y
TEGA,Tega Industries Limited,Capital Goods,,N,Y
TEJASNET,Tejas Networks Limited,Telecommunication,,N,Y
TEMBO,Tembo Global Industries Limited,,,N,Y
TENNIND,Tenneco Clean Air India Limited,Automobile and Auto Components,,N,Y
TERASOFT,Tera Software Limited,,,N,Y
TEXINFRA,Texmaco Infrastructure & Holdings Limited,,,N,Y
TEXMOPIPES,Texmo Pipes and Products Limited,,,N,Y
TEXRAIL,Texmaco Rail & Engineering Limited,Capital Goods,,N,Y
TFCILTD,Tourism Finance Corporation of India Limited,,,N,Y
TFL,Transwarranty Finance Limited,,,N,Y
TGBHOTELS,TGB Banquets And Hotels Limited,,,N,Y
THACKER,Thacker & Company Limited,,,N,Y
THAKDEV,Thakkers Developers Limited,,,N,Y
THANGAMAYL,Thangamayil Jewellery Limited,Consumer Durables,,N,Y
THEINVEST,The Investment Trust Of India Limited,,,N,Y
THEJO,Thejo Engineering Limited,,,N,Y
THELEELA,Leela Palaces Hotels & Resorts Limited,Consumer Services,,N,Y
THEMISMED,Themis Medicare Limited,,,N,Y
THERMAX,Thermax Limited,Capital Goods,,N,Y
THOMASCOOK,Thomas Cook  (India)  Limited,Consumer Services,,N,Y
THOMASCOTT,Thomas Scott (India) Limited,,,N,Y
THYROCARE,Thyrocare Technologies Limited,Healthcare,,N,Y
TI,Tilaknagar Industries Limited,Fast Moving Consumer Goods,,N,Y
TICL,Twamev Construction and Infrastructure Limited,,,N,Y
TIGERLOGS,Tiger Logistics (India) Limited,,,N,Y
TIIL,Technocraft Industries (India) Limited,,,N,Y
TIINDIA,Tube Investments of India Limited,Automobile and Auto Components,,N,Y
TIJARIA,Tijaria Polypipes Limited,,,N,Y
TIL,TIL Limited,,,N,Y
TIMETECHNO,Time Technoplast Limited,Capital Goods,,N,Y
TIMEX,Timex Group India Limited,,,N,Y
TIMKEN,Timken India Limited,Capital Goods,,N,Y
TINNARUBR,Tinna Rubber and Infrastructure Limited,,,N,Y
TIPSFILMS,Tips Films Limited,,,N,Y
TIPSMUSIC,Tips Music Limited,Media Entertainment & Publication,,N,Y
TIRUMALCHM,Thirumalai Chemicals Limited,,,N,Y
TIRUPATIFL,Tirupati Forge Limited,,,N,Y
TITAGARH,TITAGARH RAIL SYSTEMS LIMITED,Capital Goods,,N,Y
TITAN,Titan Company Limited,Consumer Durables,,N,Y
TMB,Tamilnad Mercantile Bank Limited,Financial Services,,N,N
TMCV,Tata Motors Limited,Capital Goods,,N,Y
TMPV,Tata Motors Passenger Vehicles Limited,Automobile and Auto Components,,N,Y
TNPETRO,Tamilnadu PetroProducts Limited,,,N,Y
TNPL,Tamil Nadu Newsprint & Papers Limited,,,N,Y
TNTELE,Tamilnadu Telecommunication Limited,,,N,Y
TOKYOPLAST,Tokyo Plast International Limited,,,N,Y
TOLINS,Tolins Tyres Limited,,,N,Y
TORNTPHARM,Torrent Pharmaceuticals Limited,Healthcare,,N,Y
TORNTPOWER,Torrent Power Limited,Power,,N,Y
TOTAL,Total Transport Systems Limited,,,N,Y
TOUCHWOOD,Touchwood Entertainment Limited,,,N,Y
TPHQ,Teamo Productions HQ Limited,,,N,Y
TPLPLASTEH,TPL Plastech Limited,,,N,Y
TRACXN,Tracxn Technologies Limited,,,N,Y
TRANSPEK,Transpek Industry Limited,,,N,Y
TRANSRAILL,Transrail Lighting Limited,Capital Goods,,N,Y
TRANSWORLD,TRANSWORLD SHIPPING LINES LIMITED,,,N,Y
TRAVELFOOD,Travel Food Services Limited,Consumer Services,,N,Y
TREEHOUSE,Tree House Education & Accessories Limited,,,N,Y
TREJHARA,TREJHARA SOLUTIONS LIMITED,,,N,Y
TREL,Transindia Real Estate Limited,,,N,Y
TRENT,Trent Limited,Consumer Services,,N,Y
TRF,TRF Limited,,,N,Y
TRIDENT,Trident Limited,Textiles,,N,Y
TRIGYN,Trigyn Technologies Limited,,,N,Y
TRITURBINE,Triveni Turbine Limited,Capital Goods,,N,Y
TRIVENI,Triveni Engineering & Industries Limited,Fast Moving Consumer Goods,,N,Y
TRU,TruCap Finance Limited,,,N,Y
TRUALT,TruAlt Bioenergy Limited,,,N,Y
TSFINV,TSF INVESTMENTS LIMITED,Financial Services,,N,N
TTKHLTCARE,TTK Healthcare Limited,,,N,Y
TTKPRESTIG,TTK Prestige Limited,,,N,Y
TTL,T T Limited,,,N,Y
TTML,Tata Teleservices (Maharashtra) Limited,Telecommunication,,N,Y
TVSELECT,TVS Electronics Limited,,,N,Y
TVSHLTD,TVS Holdings Limited,,,N,Y
TVSMOTOR,TVS Motor Company Limited,Automobile and Auto Components,,N,Y
TVSSCS,TVS Supply Chain Solutions Limited,Services,,N,Y
TVSSRICHAK,TVS Srichakra Limited,,,N,Y
TVTODAY,TV Today Network Limited,,,N,Y
TVVISION,TV Vision Limited,,,N,Y
UBL,United Breweries Limited,Fast Moving Consumer Goods,,N,Y
UCAL,UCAL LIMITED,,,N,Y
UCOBANK,UCO Bank,Financial Services,,N,N
UDS,Updater Services Limited,,,N,Y
UEL,Ujaas Energy Limited,,,N,Y
UFBL,United Foodbrands Limited,,,N,Y
UFLEX,UFLEX Limited,,,N,Y
UFO,UFO Moviez India Limited,,,N,Y
UGARSUGAR,The Ugar Sugar Works Limited,,,N,Y
UGROCAP,Ugro Capital Limited,,,N,Y
UJJIVANSFB,Ujjivan Small Finance Bank Limited,Financial Services,,N,N
ULTRACEMCO,UltraTech Cement Limited,Construction Materials,,N,Y
ULTRAMAR,Ultramarine & Pigments Limited,,,N,Y
UMAEXPORTS,Uma Exports Limited,,,N,Y
UMESLTD,Usha Martin Education & Solutions Limited,,,N,Y
UMIYA-MRO,UMIYA BUILDCON LIMITED,,,N,Y
UNICHEMLAB,Unichem Laboratories Limited,,,N,Y
UNIDT,United Drilling Tools Limited,,,N,Y
UNIECOM,Unicommerce Esolutions Limited,,,N,Y
UNIENTER,Uniphos Enterprises Limited,,,N,Y
UNIINFO,Uniinfo Telecom Services Limited,,,N,Y
UNIMECH,Unimech Aerospace and Manufacturing Limited,,,N,Y
UNIONBANK,Union Bank of India,Financial Services,,N,N
UNIPARTS,Uniparts India Limited,,,N,Y
UNITDSPR,United Spirits Limited,Fast Moving Consumer Goods,,N,Y
UNITECH,Unitech Limited,,,N,Y
UNITEDPOLY,United Polyfab Gujarat Limited,,,N,Y
UNITEDTEA,The United Nilgiri Tea Estates Company Limited,,,N,Y
UNIVASTU,Univastu India Limited,,,N,Y
UNIVCABLES,Universal Cables Limited,,,N,Y
UNIVPHOTO,Universus Photo Imagings Limited,,,N,Y
UNOMINDA,UNO Minda Limited,Automobile and Auto Components,,N,Y
UPL,UPL Limited,Chemicals,,N,Y
URAVIDEF,Uravi Defence and Technology Limited,,,N,Y
URBANCO,Urban Company Limited,Consumer Services,,N,Y
URJA,Urja Global Limited,,,N,Y
USHAMART,Usha Martin Limited,Capital Goods,,N,Y
USK,Udayshivakumar Infra Limited,,,N,Y
UTIAMC,UTI Asset Management Company Limited,Financial Services,,N,N
UTKARSHBNK,Utkarsh Small Finance Bank Limited,,,N,Y
UTLSOLAR,Fujiyama Power Systems Limited,Capital Goods,,N,Y
UTTAMSUGAR,Uttam Sugar Mills Limited,,,N,Y
UYFINCORP,U. Y. Fincorp Limited,,,N,Y
V2RETAIL,V2 Retail Limited,Consumer Services,,N,Y
VADILALIND,Vadilal Industries Limited,,,N,Y
VAIBHAVGBL,Vaibhav Global Limited,Consumer Durables,,N,Y
VAISHALI,Vaishali Pharma Limited,,,N,Y
VAKRANGEE,Vakrangee Limited,,,N,Y
VALIANTLAB,Valiant Laboratories Limited,,,N,Y
VALIANTORG,Valiant Organics Limited,,,N,Y
VARDHACRLC,Vardhman Acrylics Limited,,,N,Y
VARDMNPOLY,Vardhman Polytex Limited,,,N,Y
VARROC,Varroc Engineering Limited,Automobile and Auto Components,,N,Y
VASCONEQ,Vascon Engineers Limited,,,N,Y
VASWANI,Vaswani Industries Limited,,,N,Y
VBL,Varun Beverages Limited,Fast Moving Consumer Goods,,N,Y
VCL,Vaxtex Cotfab Limited,,,N,Y
VEDL,Vedanta Limited,Metals & Mining,,N,Y
VEEDOL,Veedol Corporation Limited,,,N,Y
VELJAN,Veljan Denison Limited,,,N,Y
VENKEYS,Venky's (India) Limited,,,N,Y
VENTIVE,Ventive Hospitality Limited,,,N,Y
VENUSPIPES,Venus Pipes & Tubes Limited,,,N,Y
VENUSREM,Venus Remedies Limited,,,N,Y
VERANDA,Veranda Learning Solutions Limited,,,N,Y
VERTOZ,Vertoz Limited,,,N,Y
VESUVIUS,Vesuvius India Limited,,,N,Y
VETO,Veto Switchgears And Cables Limited,,,N,Y
VGL,VARVEE GLOBAL LIMITED,,,N,Y
VGUARD,V-Guard Industries Limited,Consumer Durables,,N,Y
VHL,Vardhman Holdings Limited,,,N,Y
VHLTD,Viceroy Hotels Limited,,,N,Y
VIDHIING,Vidhi Specialty Food Ingredients Limited,,,N,Y
VIDYAWIRES,Vidya Wires Limited,,,N,Y
VIJAYA,Vijaya Diagnostic Centre Limited,Healthcare,,N,Y
VIJIFIN,Viji Finance Limited,,,N,Y
VIKASECO,Vikas EcoTech Limited,,,N,Y
VIKASLIFE,Vikas Lifecare Limited,,,N,Y
VIKRAMSOLR,Vikram Solar Limited,Capital Goods,,N,Y
VIKRAN,Vikran Engineering Limited,,,N,Y
VIMTALABS,Vimta Labs Limited,,,N,Y
VINATIORGA,Vinati Organics Limited,,,N,Y
VINCOFE,Vintage Coffee And Beverages Limited,,,N,Y
VINDHYATEL,Vindhya Telelinks Limited,,,N,Y
VINEETLAB,Vineet Laboratories Limited,,,N,Y
VINNY,Vinny Overseas Limited,,,N,Y
VINYLINDIA,Vinyl Chemicals (India) Limited,,,N,Y
VIPCLOTHNG,VIP Clothing Limited,,,N,Y
VIPIND,VIP Industries Limited,Consumer Durables,,N,Y
VIPULLTD,Vipul Limited,,,N,Y
VIRINCHI,Virinchi Limited,,,N,Y
VISACHROME,VISA Chrome Limited,,,N,Y
VISAKAIND,Visaka Industries Limited,,,N,Y
VISHNU,Vishnu Chemicals Limited,,,N,Y
VISHWARAJ,Vishwaraj Sugar Industries Limited,,,N,Y
VITAL,Vital Chemtech Limited,,,N,Y
VIVIDHA,Visagar Polytex Limited,,,N,Y
VIVIMEDLAB,Vivimed Labs Limited,,,N,Y
VIYASH,Viyash Scientific Limited,Healthcare,,N,Y
VLEGOV,VL E-Governance & IT Solutions Limited,,,N,Y
VLSFINANCE,VLS Finance Limited,,,N,Y
VMART,V-Mart Retail Limited,Consumer Services,,N,Y
VMM,Vishal Mega Mart Limited,Consumer Services,,N,Y
VMSTMT,VMS TMT Limited,,,N,Y
VOLTAMP,Voltamp Transformers Limited,Capital Goods,,N,Y
VOLTAS,Voltas Limited,Consumer Durables,,N,Y
VPRPL,Vishnu Prakash R Punglia Limited,,,N,Y
VRAJ,Vraj Iron and Steel Limited,,,N,Y
VRLLOG,VRL Logistics Limited,,,N,Y
VSSL,Vardhman Special Steels Limited,,,N,Y
VSTIND,VST Industries Limited,,,N,Y
VSTL,Vibhor Steel Tubes Limited,,,N,Y
VSTTILLERS,V.S.T Tillers Tractors Limited,,,N,Y
VTL,Vardhman Textiles Limited,Textiles,,N,Y
WAAREEENER,Waaree Energies Limited,Capital Goods,,N,Y
WAAREEINDO,Indosolar Limited,,,N,Y
WAAREERTL,Waaree Renewable Technologies Limited,Capital Goods,,N,Y
WABAG,VA Tech Wabag Limited,Utilities,,N,Y
WAKEFIT,Wakefit Innovations Limited,Consumer Durables,,N,Y
WALCHANNAG,Walchandnagar Industries Limited,,,N,Y
WANBURY,Wanbury Limited,,,N,Y
WCIL,Western Carriers (India) Limited,,,N,Y
WEALTH,Wealth First Portfolio Managers Limited,,,N,Y
WEBELSOLAR,Websol Energy System Limited,Capital Goods,,N,Y
WEIZMANIND,Weizmann Limited,,,N,Y
WEL,Wonder Electricals Limited,,,N,Y
WELCORP,Welspun Corp Limited,Capital Goods,,N,Y
WELENT,Welspun Enterprises Limited,Construction,,N,Y
WELINV,Welspun Investments and Commercials Limited,,,N,Y
WELSPLSOL,Welspun Specialty Solutions Limited,,,N,Y
WELSPUNLIV,Welspun Living Limited,Textiles,,N,Y
WENDT,Wendt (India) Limited,,,N,Y
WESTLIFE,WESTLIFE FOODWORLD LIMITED,Consumer Services,,N,Y
WEWIN,WE WIN LIMITED,,,N,Y
WEWORK,WeWork India Management Limited,Services,,N,Y
WHEELS,Wheels India Limited,,,N,Y
WHIRLPOOL,Whirlpool of India Limited,Consumer Durables,,Y,Y
WILLAMAGOR,Williamson Magor & Company Limited,,,N,Y
WIMPLAST,Wim Plast Limited,,,N,Y
WINDLAS,Windlas Biotech Limited,,,N,Y
WINDMACHIN,Windsor Machines Limited,,,N,Y
WINSOME,Winsome Yarns Limited,,,N,Y
WIPL,The Western India Plywoods Limited,,,N,Y
WIPRO,Wipro Limited,Information Technology,,N,Y
WOCKPHARMA,Wockhardt Limited,Healthcare,,N,Y
WONDERLA,Wonderla Holidays Limited,,,N,Y
WORTHPERI,Worth Peripherals Limited,,,N,Y
WPIL,WPIL Limited,,,N,Y
WSI,W S Industries (I) Limited,,,N,Y
WSTCSTPAPR,West Coast Paper Mills Limited,,,N,Y
XCHANGING,Xchanging Solutions Limited,,,N,Y
XELPMOC,Xelpmoc Design And Tech Limited,,,N,Y
XPROINDIA,Xpro India Limited,,,N,Y
XTGLOBAL,Xtglobal Infotech Limited,,,N,Y
YASHO,Yasho Industries Limited,,,N,Y
YATHARTH,Yatharth Hospital & Trauma Care Services Limited,Healthcare,,N,Y
YATRA,Yatra Online Limited,,,N,Y
YESBANK,Yes Bank Limited,Financial Services,,N,N
YUKEN,Yuken India Limited,,,N,Y
ZAGGLE,Zaggle Prepaid Ocean Services Limited,Information Technology,,N,Y
ZEEL,Zee Entertainment Enterprises Limited,Media Entertainment & Publication,,N,Y
ZEELEARN,Zee Learn Limited,,,N,Y
ZEEMEDIA,Zee Media Corporation Limited,,,N,Y
ZENITHEXPO,Zenith Exports Limited,,,N,Y
ZENITHSTL,Zenith Steel Pipes & Industries Limited,,,N,Y
ZENSARTECH,Zensar Technologies Limited,Information Technology,,N,Y
ZENTEC,Zen Technologies Limited,Capital Goods,,N,Y
ZFCVINDIA,ZF Commercial Vehicle Control Systems India Limited,Automobile and Auto Components,,N,Y
ZFSTEERING,ZF Steering Gear (India) Limited,,,N,Y
ZIMLAB,Zim Laboratories Limited,,,N,Y
ZODIAC,Zodiac Energy Limited,,,N,Y
ZODIACLOTH,Zodiac Clothing Company Limited,,,N,Y
ZOTA,Zota Health Care LImited,,,N,Y
ZSARACOM,Saraswati Commercial India Limited,,,N,Y
ZUARI,Zuari Agro Chemicals Limited,,,N,Y
ZUARIIND,ZUARI INDUSTRIES LIMITED,,,N,Y
ZYDUSLIFE,Zydus Lifesciences Limited,Healthcare,,N,Y
ZYDUSWELL,Zydus Wellness Limited,Fast Moving Consumer Goods,,N,Y
